file,line,col,severity,message
/home/user3/Documents/SerinBot/Serin/serin/d1_1_pipeline_flow/d2_1_flow_act/d3_1_act_runners/d4_3_prompt_assembly.py,23,5,error,"Function ""_time_label"" is not accessed (reportUnusedFunction)"
/home/user3/Documents/SerinBot/Serin/serin/d1_1_pipeline_flow/d2_1_flow_act/d3_1_act_runners/d4_3_prompt_assembly.py,152,13,error,"Type of ""append"" is partially unknown"
/home/user3/Documents/SerinBot/Serin/serin/d1_1_pipeline_flow/d2_1_flow_act/d3_1_act_runners/d4_3_prompt_assembly.py,154,13,error,"Type of ""append"" is partially unknown"
/home/user3/Documents/SerinBot/Serin/serin/d1_1_pipeline_flow/d2_1_flow_act/d3_1_act_runners/d4_3_prompt_assembly.py,156,13,error,"Type of ""append"" is partially unknown"
/home/user3/Documents/SerinBot/Serin/serin/d1_1_pipeline_flow/d2_1_flow_act/d3_1_act_runners/d4_3_prompt_assembly.py,158,13,error,"Type of ""append"" is partially unknown"
/home/user3/Documents/SerinBot/Serin/serin/d1_1_pipeline_flow/d2_1_flow_act/d3_1_act_runners/d4_3_prompt_assembly.py,160,13,error,"Type of ""append"" is partially unknown"
/home/user3/Documents/SerinBot/Serin/serin/d1_1_pipeline_flow/d2_1_flow_act/d3_1_act_runners/d4_3_prompt_assembly.py,163,13,error,"Type of ""append"" is partially unknown"
/home/user3/Documents/SerinBot/Serin/serin/d1_1_pipeline_flow/d2_1_flow_act/d3_1_act_runners/d4_3_prompt_assembly.py,165,13,error,"Type of ""append"" is partially unknown"
/home/user3/Documents/SerinBot/Serin/serin/d1_1_pipeline_flow/d2_1_flow_act/d3_1_act_runners/d4_3_prompt_assembly.py,167,13,error,"Type of ""append"" is partially unknown"
/home/user3/Documents/SerinBot/Serin/serin/d1_1_pipeline_flow/d2_1_flow_act/d3_1_act_runners/d4_3_prompt_assembly.py,169,26,error,Argument type is partially unknown
/home/user3/Documents/SerinBot/Serin/serin/d1_1_pipeline_flow/d2_1_flow_act/d3_1_act_runners/d4_3_prompt_assembly.py,191,17,error,"Type of ""append"" is partially unknown"
/home/user3/Documents/SerinBot/Serin/serin/d1_1_pipeline_flow/d2_1_flow_act/d3_1_act_runners/d4_3_prompt_assembly.py,196,17,error,"Type of ""append"" is partially unknown"
/home/user3/Documents/SerinBot/Serin/serin/d1_1_pipeline_flow/d2_1_flow_act/d3_1_act_runners/d4_3_prompt_assembly.py,201,17,error,"Type of ""append"" is partially unknown"
/home/user3/Documents/SerinBot/Serin/serin/d1_1_pipeline_flow/d2_1_flow_act/d3_1_act_runners/d4_3_prompt_assembly.py,208,26,error,Argument type is partially unknown
/home/user3/Documents/SerinBot/Serin/serin/d1_1_pipeline_flow/d2_1_flow_act/d3_1_act_runners/d4_3_prompt_assembly.py,281,17,error,"Type of ""append"" is partially unknown"
/home/user3/Documents/SerinBot/Serin/serin/d1_1_pipeline_flow/d2_1_flow_act/d3_1_act_runners/d4_3_prompt_assembly.py,284,53,error,Argument type is partially unknown
/home/user3/Documents/SerinBot/Serin/serin/d1_1_pipeline_flow/d2_1_flow_act/d3_1_act_runners/d4_3_prompt_assembly.py,290,17,error,"Type of ""append"" is partially unknown"
/home/user3/Documents/SerinBot/Serin/serin/d1_1_pipeline_flow/d2_1_flow_act/d3_1_act_runners/d4_3_prompt_assembly.py,292,48,error,Argument type is partially unknown
/home/user3/Documents/SerinBot/Serin/serin/d1_1_pipeline_flow/d2_1_flow_act/d3_1_act_runners/d4_3_prompt_assembly.py,322,13,error,"Type of ""append"" is partially unknown"
/home/user3/Documents/SerinBot/Serin/serin/d1_1_pipeline_flow/d2_1_flow_act/d3_1_act_runners/d4_3_prompt_assembly.py,334,17,error,"Type of ""append"" is partially unknown"
/home/user3/Documents/SerinBot/Serin/serin/d1_1_pipeline_flow/d2_1_flow_act/d3_1_act_runners/d4_3_prompt_assembly.py,339,13,error,"Type of ""append"" is partially unknown"
/home/user3/Documents/SerinBot/Serin/serin/d1_1_pipeline_flow/d2_1_flow_act/d3_1_act_runners/d4_3_prompt_assembly.py,340,67,error,Argument type is partially unknown
/home/user3/Documents/SerinBot/Serin/serin/d1_1_pipeline_flow/d2_1_flow_act/d3_1_act_runners/d4_3_prompt_assembly.py,346,13,error,"Type of ""append"" is partially unknown"
/home/user3/Documents/SerinBot/Serin/serin/d1_1_pipeline_flow/d2_1_flow_act/d3_1_act_runners/d4_3_prompt_assembly.py,356,13,error,"Type of ""append"" is partially unknown"
/home/user3/Documents/SerinBot/Serin/serin/d1_1_pipeline_flow/d2_1_flow_act/d3_1_act_runners/d4_3_prompt_assembly.py,372,17,error,"Type of ""append"" is partially unknown"
/home/user3/Documents/SerinBot/Serin/serin/d1_1_pipeline_flow/d2_1_flow_act/d3_1_act_runners/d4_3_prompt_assembly.py,385,13,error,"Type of ""append"" is partially unknown"
/home/user3/Documents/SerinBot/Serin/serin/d1_1_pipeline_flow/d2_1_flow_act/d3_1_act_runners/d4_3_prompt_assembly.py,394,13,error,"Type of ""append"" is partially unknown"
/home/user3/Documents/SerinBot/Serin/serin/d1_1_pipeline_flow/d2_1_flow_act/d3_1_act_runners/d4_3_prompt_assembly.py,405,21,error,"Type of ""append"" is partially unknown"
/home/user3/Documents/SerinBot/Serin/serin/d1_1_pipeline_flow/d2_1_flow_act/d3_1_act_runners/d4_3_prompt_assembly.py,407,21,error,"Type of ""append"" is partially unknown"
/home/user3/Documents/SerinBot/Serin/serin/d1_1_pipeline_flow/d2_1_flow_act/d3_1_act_runners/d4_3_prompt_assembly.py,409,17,error,"Type of ""append"" is partially unknown"
/home/user3/Documents/SerinBot/Serin/serin/d1_1_pipeline_flow/d2_1_flow_act/d3_1_act_runners/d4_3_prompt_assembly.py,409,87,error,Argument type is partially unknown
/home/user3/Documents/SerinBot/Serin/serin/d1_1_pipeline_flow/d2_1_flow_act/d3_1_act_runners/d4_3_prompt_assembly.py,418,21,error,"Type of ""append"" is partially unknown"
/home/user3/Documents/SerinBot/Serin/serin/d1_1_pipeline_flow/d2_1_flow_act/d3_1_act_runners/d4_3_prompt_assembly.py,420,21,error,"Type of ""append"" is partially unknown"
/home/user3/Documents/SerinBot/Serin/serin/d1_1_pipeline_flow/d2_1_flow_act/d3_1_act_runners/d4_3_prompt_assembly.py,421,17,error,"Type of ""append"" is partially unknown"
/home/user3/Documents/SerinBot/Serin/serin/d1_1_pipeline_flow/d2_1_flow_act/d3_1_act_runners/d4_3_prompt_assembly.py,421,87,error,Argument type is partially unknown
/home/user3/Documents/SerinBot/Serin/serin/d1_1_pipeline_flow/d2_1_flow_act/d3_1_act_runners/d4_3_prompt_assembly.py,423,41,error,Argument type is partially unknown
/home/user3/Documents/SerinBot/Serin/serin/d1_1_pipeline_flow/d2_1_flow_act/d3_1_act_runners/d4_3_prompt_assembly.py,427,9,error,"Type of ""append"" is partially unknown"
/home/user3/Documents/SerinBot/Serin/serin/d1_1_pipeline_flow/d2_1_flow_act/d3_1_act_runners/d4_3_prompt_assembly.py,430,13,error,"Type of ""append"" is partially unknown"
/home/user3/Documents/SerinBot/Serin/serin/d1_1_pipeline_flow/d2_1_flow_act/d3_1_act_runners/d4_3_prompt_assembly.py,474,17,error,"Type of ""append"" is partially unknown"
/home/user3/Documents/SerinBot/Serin/serin/d1_1_pipeline_flow/d2_1_flow_act/d3_1_act_runners/d4_3_prompt_assembly.py,476,17,error,"Type of ""append"" is partially unknown"
/home/user3/Documents/SerinBot/Serin/serin/d1_1_pipeline_flow/d2_1_flow_act/d3_1_act_runners/d4_3_prompt_assembly.py,482,9,error,"Type of ""visual_contexts"" is partially unknown"
/home/user3/Documents/SerinBot/Serin/serin/d1_1_pipeline_flow/d2_1_flow_act/d3_1_act_runners/d4_3_prompt_assembly.py,488,9,error,"Type of ""append"" is partially unknown"
/home/user3/Documents/SerinBot/Serin/serin/d1_1_pipeline_flow/d2_1_flow_act/d3_2_act_stages/d4_2_memory_retrieval.py,67,9,error,"Type of ""facts"" is partially unknown"
/home/user3/Documents/SerinBot/Serin/serin/d1_1_pipeline_flow/d2_1_flow_act/d3_2_act_stages/d4_2_memory_retrieval.py,67,17,error,"Type of ""get"" is partially unknown"
/home/user3/Documents/SerinBot/Serin/serin/d1_1_pipeline_flow/d2_1_flow_act/d3_2_act_stages/d4_2_memory_retrieval.py,68,9,error,"Type of ""beliefs"" is partially unknown"
/home/user3/Documents/SerinBot/Serin/serin/d1_1_pipeline_flow/d2_1_flow_act/d3_2_act_stages/d4_2_memory_retrieval.py,68,19,error,"Type of ""get"" is partially unknown"
/home/user3/Documents/SerinBot/Serin/serin/d1_1_pipeline_flow/d2_1_flow_act/d3_2_act_stages/d4_2_memory_retrieval.py,69,9,error,"Type of ""evidence_memories"" is partially unknown"
/home/user3/Documents/SerinBot/Serin/serin/d1_1_pipeline_flow/d2_1_flow_act/d3_2_act_stages/d4_2_memory_retrieval.py,69,29,error,"Type of ""get"" is partially unknown"
/home/user3/Documents/SerinBot/Serin/serin/d1_1_pipeline_flow/d2_1_flow_act/d3_2_act_stages/d4_2_memory_retrieval.py,70,9,error,"Type of ""episode_memories"" is partially unknown"
/home/user3/Documents/SerinBot/Serin/serin/d1_1_pipeline_flow/d2_1_flow_act/d3_2_act_stages/d4_2_memory_retrieval.py,70,28,error,"Type of ""get"" is partially unknown"
/home/user3/Documents/SerinBot/Serin/serin/d1_1_pipeline_flow/d2_1_flow_act/d3_2_act_stages/d4_2_memory_retrieval.py,71,9,error,"Type of ""utterance_memories"" is partially unknown"
/home/user3/Documents/SerinBot/Serin/serin/d1_1_pipeline_flow/d2_1_flow_act/d3_2_act_stages/d4_2_memory_retrieval.py,71,30,error,"Type of ""get"" is partially unknown"
/home/user3/Documents/SerinBot/Serin/serin/d1_1_pipeline_flow/d2_1_flow_act/d3_2_act_stages/d4_2_memory_retrieval.py,90,36,error,Argument type is partially unknown
/home/user3/Documents/SerinBot/Serin/serin/d1_1_pipeline_flow/d2_1_flow_act/d3_2_act_stages/d4_2_memory_retrieval.py,91,38,error,Argument type is partially unknown
/home/user3/Documents/SerinBot/Serin/serin/d1_1_pipeline_flow/d2_1_flow_act/d3_2_act_stages/d4_2_memory_retrieval.py,92,48,error,Argument type is partially unknown
/home/user3/Documents/SerinBot/Serin/serin/d1_1_pipeline_flow/d2_1_flow_act/d3_2_act_stages/d4_2_memory_retrieval.py,93,47,error,Argument type is partially unknown
/home/user3/Documents/SerinBot/Serin/serin/d1_1_pipeline_flow/d2_1_flow_act/d3_2_act_stages/d4_2_memory_retrieval.py,94,49,error,Argument type is partially unknown
/home/user3/Documents/SerinBot/Serin/serin/d1_1_pipeline_flow/d2_1_flow_act/d3_2_act_stages/d4_2_memory_retrieval.py,100,13,error,"Type of ""evidence_keywords"" is partially unknown"
/home/user3/Documents/SerinBot/Serin/serin/d1_1_pipeline_flow/d2_1_flow_act/d3_2_act_stages/d4_2_memory_retrieval.py,104,25,error,"Type of ""add"" is partially unknown"
/home/user3/Documents/SerinBot/Serin/serin/d1_1_pipeline_flow/d2_1_flow_act/d3_2_act_stages/d4_2_memory_retrieval.py,110,17,error,"Type of ""overlap"" is partially unknown"
/home/user3/Documents/SerinBot/Serin/serin/d1_1_pipeline_flow/d2_1_flow_act/d3_2_act_stages/d4_2_memory_retrieval.py,111,24,error,Argument type is partially unknown
/home/user3/Documents/SerinBot/Serin/serin/d1_1_pipeline_flow/d2_1_flow_act/d3_2_act_stages/d4_2_memory_retrieval.py,116,54,error,Argument type is partially unknown
/home/user3/Documents/SerinBot/Serin/serin/d1_1_pipeline_flow/d2_1_flow_act/d3_2_act_stages/d4_2_memory_retrieval.py,120,17,error,"Type of ""append"" is partially unknown"
/home/user3/Documents/SerinBot/Serin/serin/d1_1_pipeline_flow/d2_1_flow_act/d3_2_act_stages/d4_2_memory_retrieval.py,126,31,error,"Type of ""get"" is partially unknown"
/home/user3/Documents/SerinBot/Serin/serin/d1_1_pipeline_flow/d2_1_flow_act/d3_2_act_stages/d4_2_memory_retrieval.py,127,29,error,"Type of ""get"" is partially unknown"
/home/user3/Documents/SerinBot/Serin/serin/d1_1_pipeline_flow/d2_1_flow_act/d3_2_act_stages/d4_2_memory_retrieval.py,136,36,error,"Type of ""recent_messages"" is partially unknown"
/home/user3/Documents/SerinBot/Serin/serin/d1_1_pipeline_flow/d2_1_flow_act/d3_2_act_stages/d4_2_memory_retrieval.py,136,36,error,Argument type is partially unknown
/home/user3/Documents/SerinBot/Serin/serin/d1_1_pipeline_flow/d2_1_flow_act/d3_2_act_stages/d4_2_memory_retrieval.py,137,40,error,"Type of ""relationships"" is partially unknown"
/home/user3/Documents/SerinBot/Serin/serin/d1_1_pipeline_flow/d2_1_flow_act/d3_2_act_stages/d4_2_memory_retrieval.py,137,40,error,Argument type is partially unknown
/home/user3/Documents/SerinBot/Serin/serin/d1_1_pipeline_flow/d2_1_flow_act/d3_2_act_stages/d4_3_memory_write.py,45,26,error,"Import ""nltk.sentiment"" could not be resolved (reportMissingImports)"
/home/user3/Documents/SerinBot/Serin/serin/d1_1_pipeline_flow/d2_1_flow_act/d3_2_act_stages/d4_3_memory_write.py,45,48,error,"Type of ""SentimentIntensityAnalyzer"" is unknown (reportUnknownVariableType)"
/home/user3/Documents/SerinBot/Serin/serin/d1_1_pipeline_flow/d2_1_flow_act/d3_2_act_stages/d4_3_memory_write.py,46,21,error,"Type of ""_analyzer"" is unknown (reportUnknownVariableType)"
/home/user3/Documents/SerinBot/Serin/serin/d1_1_pipeline_flow/d2_1_flow_act/d3_2_act_stages/d4_3_memory_write.py,47,21,error,"Type of ""sentiment"" is partially unknown"
/home/user3/Documents/SerinBot/Serin/serin/d1_1_pipeline_flow/d2_1_flow_act/d3_2_act_stages/d4_3_memory_write.py,47,33,error,"Type of ""polarity_scores"" is partially unknown"
/home/user3/Documents/SerinBot/Serin/serin/d1_1_pipeline_flow/d2_1_flow_act/d3_2_act_stages/d4_3_memory_write.py,48,21,error,"Type of ""compound"" is partially unknown"
/home/user3/Documents/SerinBot/Serin/serin/d1_1_pipeline_flow/d2_1_flow_act/d3_2_act_stages/d4_3_memory_write.py,48,32,error,"Type of ""get"" is partially unknown"
/home/user3/Documents/SerinBot/Serin/serin/d1_1_pipeline_flow/d2_2_flow_ingest/d3_1_ingest_context/d4_1_context_builder.py,179,21,error,"Type of ""append"" is partially unknown"
/home/user3/Documents/SerinBot/Serin/serin/d1_1_pipeline_flow/d2_2_flow_ingest/d3_1_ingest_context/d4_1_context_builder.py,183,66,error,Argument type is partially unknown
/home/user3/Documents/SerinBot/Serin/serin/d1_1_pipeline_flow/d2_2_flow_ingest/d3_1_ingest_context/d4_1_context_builder.py,185,16,error,"Return type, ""list[Unknown]"", is partially unknown (reportUnknownVariableType)"
/home/user3/Documents/SerinBot/Serin/serin/d1_1_pipeline_flow/d2_2_flow_ingest/d3_1_ingest_context/d4_1_context_builder.py,198,13,error,"Type of ""append"" is partially unknown"
/home/user3/Documents/SerinBot/Serin/serin/d1_1_pipeline_flow/d2_2_flow_ingest/d3_1_ingest_context/d4_1_context_builder.py,202,17,error,"Type of ""append"" is partially unknown"
/home/user3/Documents/SerinBot/Serin/serin/d1_1_pipeline_flow/d2_2_flow_ingest/d3_1_ingest_context/d4_1_context_builder.py,203,13,error,"Type of ""append"" is partially unknown"
/home/user3/Documents/SerinBot/Serin/serin/d1_1_pipeline_flow/d2_2_flow_ingest/d3_1_ingest_context/d4_1_context_builder.py,203,46,error,Argument type is partially unknown
/home/user3/Documents/SerinBot/Serin/serin/d1_1_pipeline_flow/d2_2_flow_ingest/d3_1_ingest_context/d4_1_context_builder.py,209,13,error,"Type of ""append"" is partially unknown"
/home/user3/Documents/SerinBot/Serin/serin/d1_1_pipeline_flow/d2_2_flow_ingest/d3_1_ingest_context/d4_1_context_builder.py,213,21,error,"Type of ""append"" is partially unknown"
/home/user3/Documents/SerinBot/Serin/serin/d1_1_pipeline_flow/d2_2_flow_ingest/d3_1_ingest_context/d4_1_context_builder.py,223,17,error,"Type of ""append"" is partially unknown"
/home/user3/Documents/SerinBot/Serin/serin/d1_1_pipeline_flow/d2_2_flow_ingest/d3_1_ingest_context/d4_1_context_builder.py,228,13,error,"Type of ""append"" is partially unknown"
/home/user3/Documents/SerinBot/Serin/serin/d1_1_pipeline_flow/d2_2_flow_ingest/d3_1_ingest_context/d4_1_context_builder.py,238,17,error,"Type of ""append"" is partially unknown"
/home/user3/Documents/SerinBot/Serin/serin/d1_1_pipeline_flow/d2_2_flow_ingest/d3_1_ingest_context/d4_1_context_builder.py,245,17,error,"Type of ""append"" is partially unknown"
/home/user3/Documents/SerinBot/Serin/serin/d1_1_pipeline_flow/d2_2_flow_ingest/d3_1_ingest_context/d4_1_context_builder.py,248,13,error,"Type of ""append"" is partially unknown"
/home/user3/Documents/SerinBot/Serin/serin/d1_1_pipeline_flow/d2_2_flow_ingest/d3_1_ingest_context/d4_1_context_builder.py,249,13,error,"Type of ""append"" is partially unknown"
/home/user3/Documents/SerinBot/Serin/serin/d1_1_pipeline_flow/d2_2_flow_ingest/d3_1_ingest_context/d4_1_context_builder.py,250,13,error,"Type of ""append"" is partially unknown"
/home/user3/Documents/SerinBot/Serin/serin/d1_1_pipeline_flow/d2_2_flow_ingest/d3_1_ingest_context/d4_1_context_builder.py,250,46,error,Argument type is partially unknown
/home/user3/Documents/SerinBot/Serin/serin/d1_1_pipeline_flow/d2_2_flow_ingest/d3_1_ingest_context/d4_1_context_builder.py,252,28,error,Argument type is partially unknown
/home/user3/Documents/SerinBot/Serin/serin/d1_1_pipeline_flow/d2_2_flow_ingest/d3_1_ingest_context/d4_1_context_builder.py,277,21,error,"Type of ""append"" is partially unknown"
/home/user3/Documents/SerinBot/Serin/serin/d1_1_pipeline_flow/d2_2_flow_ingest/d3_1_ingest_context/d4_1_context_builder.py,281,13,error,"Type of ""likely_referent"" is unknown (reportUnknownVariableType)"
/home/user3/Documents/SerinBot/Serin/serin/d1_1_pipeline_flow/d2_2_flow_ingest/d3_2_ingest_core/d4_1_core_perception/__init__.py,9,55,error,"Type of ""parse_board"" is partially unknown"
/home/user3/Documents/SerinBot/Serin/serin/d1_1_pipeline_flow/d2_2_flow_ingest/d3_2_ingest_core/d4_1_core_perception/__init__.py,36,1,error,"Type of ""_parse_board"" is partially unknown"
/home/user3/Documents/SerinBot/Serin/serin/d1_1_pipeline_flow/d2_2_flow_ingest/d3_2_ingest_core/d4_1_core_perception/d5_1_perception_board.py,8,5,error,Return type is unknown (reportUnknownParameterType)
/home/user3/Documents/SerinBot/Serin/serin/d1_1_pipeline_flow/d2_2_flow_ingest/d3_2_ingest_core/d4_1_core_perception/d5_1_perception_board.py,8,48,error,Binary operator not allowed in type expression (reportInvalidTypeForm)
/home/user3/Documents/SerinBot/Serin/serin/d1_1_pipeline_flow/d2_2_flow_ingest/d3_2_ingest_core/d4_1_core_perception/d5_1_perception_board.py,47,5,error,"Type of ""grid"" is unknown (reportUnknownVariableType)"
/home/user3/Documents/SerinBot/Serin/serin/d1_1_pipeline_flow/d2_2_flow_ingest/d3_2_ingest_core/d4_1_core_perception/d5_1_perception_board.py,52,22,error,Argument type is unknown
/home/user3/Documents/SerinBot/Serin/serin/d1_1_pipeline_flow/d2_2_flow_ingest/d3_2_ingest_core/d4_1_core_perception/d5_1_perception_board.py,52,33,error,Argument type is unknown
/home/user3/Documents/SerinBot/Serin/serin/d1_1_pipeline_flow/d2_2_flow_ingest/d3_2_ingest_core/d4_1_core_perception/d5_1_perception_board.py,73,13,error,"Type of ""cell"" is unknown (reportUnknownVariableType)"
/home/user3/Documents/SerinBot/Serin/serin/d1_1_pipeline_flow/d2_2_flow_ingest/d3_2_ingest_core/d4_1_core_perception/d5_2_perception_classify.py,287,16,error,"Return type, ""list[Unknown] | list[dict[str, Any]]"", is partially unknown (reportUnknownVariableType)"
/home/user3/Documents/SerinBot/Serin/serin/d1_1_pipeline_flow/d2_2_flow_ingest/d3_2_ingest_core/d4_1_core_perception/d5_2_perception_classify.py,349,13,error,"Type of ""n"" is unknown (reportUnknownVariableType)"
/home/user3/Documents/SerinBot/Serin/serin/d1_1_pipeline_flow/d2_2_flow_ingest/d3_2_ingest_core/d4_2_core_vision/d5_1_visual_memory.py,97,25,error,"Type of ""encode"" is partially unknown"
/home/user3/Documents/SerinBot/Serin/serin/d1_1_pipeline_flow/d2_2_flow_ingest/d3_2_ingest_core/d4_2_core_vision/d5_1_visual_memory.py,198,25,error,"Type of ""encode"" is partially unknown"
/home/user3/Documents/SerinBot/Serin/serin/d1_1_pipeline_flow/d2_2_flow_ingest/d3_2_ingest_core/d4_2_core_vision/d5_1_visual_memory.py,237,48,error,"Type of ""encode"" is partially unknown"
/home/user3/Documents/SerinBot/Serin/serin/d1_1_pipeline_flow/d2_2_flow_ingest/d3_2_ingest_core/d4_4_core_manager.py,18,6,error,"Stub file not found for ""vaderSentiment.vaderSentiment"" (reportMissingTypeStubs)"
/home/user3/Documents/SerinBot/Serin/serin/d1_1_pipeline_flow/d2_2_flow_ingest/d3_2_ingest_core/d4_5_message_process.py,42,13,error,"Type of ""append"" is partially unknown"
/home/user3/Documents/SerinBot/Serin/serin/d1_1_pipeline_flow/d2_2_flow_ingest/d3_2_ingest_core/d4_5_message_process.py,49,20,error,Argument type is partially unknown
/home/user3/Documents/SerinBot/Serin/serin/d1_1_pipeline_flow/d2_2_flow_ingest/d3_2_ingest_core/d4_5_message_process.py,49,54,error,"Type of ""m"" is unknown (reportUnknownVariableType)"
/home/user3/Documents/SerinBot/Serin/serin/d1_1_pipeline_flow/d2_2_flow_ingest/d3_2_ingest_core/d4_5_message_process.py,50,13,error,"Type of ""append"" is partially unknown"
/home/user3/Documents/SerinBot/Serin/serin/d1_1_pipeline_flow/d2_2_flow_ingest/d3_2_ingest_core/d4_5_message_process.py,56,83,error,Argument type is partially unknown
/home/user3/Documents/SerinBot/Serin/serin/d1_1_pipeline_flow/d2_2_flow_ingest/d3_2_ingest_core/d4_5_message_process.py,62,60,error,Argument type is partially unknown
/home/user3/Documents/SerinBot/Serin/serin/d1_1_pipeline_flow/d2_2_flow_ingest/d3_2_ingest_core/d4_5_message_process.py,74,30,error,Argument type is partially unknown
/home/user3/Documents/SerinBot/Serin/serin/d1_1_pipeline_flow/d2_2_flow_ingest/d3_3_ingest_sync/d4_1_sync_backfill.py,49,49,error,"Type of ""response"" is unknown (reportUnknownMemberType)"
/home/user3/Documents/SerinBot/Serin/serin/d1_1_pipeline_flow/d2_2_flow_ingest/d3_3_ingest_sync/d4_1_sync_backfill.py,49,49,error,"Type of ""headers"" is unknown (reportUnknownMemberType)"
/home/user3/Documents/SerinBot/Serin/serin/d1_1_pipeline_flow/d2_2_flow_ingest/d3_3_ingest_sync/d4_1_sync_backfill.py,49,49,error,"Type of ""get"" is unknown (reportUnknownMemberType)"
/home/user3/Documents/SerinBot/Serin/serin/d1_1_pipeline_flow/d2_2_flow_ingest/d3_3_ingest_sync/d4_1_sync_backfill.py,49,49,error,Argument type is unknown
/home/user3/Documents/SerinBot/Serin/serin/d1_1_pipeline_flow/d2_2_flow_ingest/d3_3_ingest_sync/d4_1_sync_backfill.py,266,13,error,"Type of ""seen"" is partially unknown"
/home/user3/Documents/SerinBot/Serin/serin/d1_1_pipeline_flow/d2_2_flow_ingest/d3_3_ingest_sync/d4_1_sync_backfill.py,271,21,error,"Type of ""add"" is partially unknown"
/home/user3/Documents/SerinBot/Serin/serin/d1_1_pipeline_flow/d2_2_flow_ingest/d3_3_ingest_sync/d4_1_sync_backfill.py,272,21,error,"Type of ""append"" is partially unknown"
/home/user3/Documents/SerinBot/Serin/serin/d1_1_pipeline_flow/d2_2_flow_ingest/d3_3_ingest_sync/d4_1_sync_backfill.py,281,13,error,"Type of ""sort"" is partially unknown"
/home/user3/Documents/SerinBot/Serin/serin/d1_1_pipeline_flow/d2_2_flow_ingest/d3_3_ingest_sync/d4_1_sync_backfill.py,284,17,error,"Type of ""msg"" is unknown (reportUnknownVariableType)"
/home/user3/Documents/SerinBot/Serin/serin/d1_1_pipeline_flow/d2_2_flow_ingest/d3_3_ingest_sync/d4_1_sync_backfill.py,286,17,error,"Type of ""compatible_msg"" is partially unknown"
/home/user3/Documents/SerinBot/Serin/serin/d1_1_pipeline_flow/d2_2_flow_ingest/d3_3_ingest_sync/d4_1_sync_backfill.py,287,32,error,"Type of ""get"" is unknown (reportUnknownMemberType)"
/home/user3/Documents/SerinBot/Serin/serin/d1_1_pipeline_flow/d2_2_flow_ingest/d3_3_ingest_sync/d4_1_sync_backfill.py,288,32,error,"Type of ""get"" is unknown (reportUnknownMemberType)"
/home/user3/Documents/SerinBot/Serin/serin/d1_1_pipeline_flow/d2_2_flow_ingest/d3_3_ingest_sync/d4_1_sync_backfill.py,289,33,error,"Type of ""get"" is unknown (reportUnknownMemberType)"
/home/user3/Documents/SerinBot/Serin/serin/d1_1_pipeline_flow/d2_2_flow_ingest/d3_3_ingest_sync/d4_1_sync_backfill.py,290,35,error,"Type of ""get"" is unknown (reportUnknownMemberType)"
/home/user3/Documents/SerinBot/Serin/serin/d1_1_pipeline_flow/d2_2_flow_ingest/d3_3_ingest_sync/d4_1_sync_backfill.py,291,34,error,"Type of ""get"" is unknown (reportUnknownMemberType)"
/home/user3/Documents/SerinBot/Serin/serin/d1_1_pipeline_flow/d2_2_flow_ingest/d3_3_ingest_sync/d4_1_sync_backfill.py,292,34,error,"Type of ""get"" is unknown (reportUnknownMemberType)"
/home/user3/Documents/SerinBot/Serin/serin/d1_1_pipeline_flow/d2_2_flow_ingest/d3_3_ingest_sync/d4_2_sync_crawler.py,153,69,error,"Argument of type ""TextChannel"" cannot be assigned to parameter ""channel"" of type ""TextChannel"" in function ""_quick_sync_channel"""
/home/user3/Documents/SerinBot/Serin/serin/d1_1_pipeline_flow/d2_2_flow_ingest/d3_3_ingest_sync/d4_2_sync_crawler.py,182,13,error,"Type of ""discord_messages"" is partially unknown"
/home/user3/Documents/SerinBot/Serin/serin/d1_1_pipeline_flow/d2_2_flow_ingest/d3_3_ingest_sync/d4_2_sync_crawler.py,182,47,error,"Type of ""msg"" is unknown (reportUnknownVariableType)"
/home/user3/Documents/SerinBot/Serin/serin/d1_1_pipeline_flow/d2_2_flow_ingest/d3_3_ingest_sync/d4_2_sync_crawler.py,182,54,error,"Type of ""history"" is unknown (reportUnknownMemberType)"
/home/user3/Documents/SerinBot/Serin/serin/d1_1_pipeline_flow/d2_2_flow_ingest/d3_3_ingest_sync/d4_2_sync_crawler.py,182,62,error,"Cannot access attribute ""history"" for class ""TextChannel"""
/home/user3/Documents/SerinBot/Serin/serin/d1_1_pipeline_flow/d2_2_flow_ingest/d3_3_ingest_sync/d4_2_sync_crawler.py,187,13,error,"Type of ""latest_discord"" is unknown (reportUnknownVariableType)"
/home/user3/Documents/SerinBot/Serin/serin/d1_1_pipeline_flow/d2_2_flow_ingest/d3_3_ingest_sync/d4_2_sync_crawler.py,190,61,error,"Type of ""id"" is unknown (reportUnknownMemberType)"
/home/user3/Documents/SerinBot/Serin/serin/d1_1_pipeline_flow/d2_2_flow_ingest/d3_3_ingest_sync/d4_2_sync_crawler.py,190,61,error,Argument type is unknown
/home/user3/Documents/SerinBot/Serin/serin/d1_1_pipeline_flow/d2_2_flow_ingest/d3_3_ingest_sync/d4_2_sync_crawler.py,190,69,error,"Cannot access attribute ""id"" for class ""TextChannel"""
/home/user3/Documents/SerinBot/Serin/serin/d1_1_pipeline_flow/d2_2_flow_ingest/d3_3_ingest_sync/d4_2_sync_crawler.py,194,49,error,"Type of ""name"" is unknown (reportUnknownMemberType)"
/home/user3/Documents/SerinBot/Serin/serin/d1_1_pipeline_flow/d2_2_flow_ingest/d3_3_ingest_sync/d4_2_sync_crawler.py,194,57,error,"Cannot access attribute ""name"" for class ""TextChannel"""
/home/user3/Documents/SerinBot/Serin/serin/d1_1_pipeline_flow/d2_2_flow_ingest/d3_3_ingest_sync/d4_2_sync_crawler.py,195,53,error,"Argument of type ""TextChannel"" cannot be assigned to parameter ""channel"" of type ""TextChannel"" in function ""_backfill_channel"""
/home/user3/Documents/SerinBot/Serin/serin/d1_1_pipeline_flow/d2_2_flow_ingest/d3_3_ingest_sync/d4_2_sync_crawler.py,198,53,error,"Type of ""id"" is unknown (reportUnknownMemberType)"
/home/user3/Documents/SerinBot/Serin/serin/d1_1_pipeline_flow/d2_2_flow_ingest/d3_3_ingest_sync/d4_2_sync_crawler.py,198,53,error,Argument type is unknown
/home/user3/Documents/SerinBot/Serin/serin/d1_1_pipeline_flow/d2_2_flow_ingest/d3_3_ingest_sync/d4_2_sync_crawler.py,199,36,error,"Type of ""name"" is unknown (reportUnknownMemberType)"
/home/user3/Documents/SerinBot/Serin/serin/d1_1_pipeline_flow/d2_2_flow_ingest/d3_3_ingest_sync/d4_2_sync_crawler.py,199,44,error,"Cannot access attribute ""name"" for class ""TextChannel"""
/home/user3/Documents/SerinBot/Serin/serin/d1_1_pipeline_flow/d2_2_flow_ingest/d3_3_ingest_sync/d4_2_sync_crawler.py,203,30,error,"Type of ""name"" is unknown (reportUnknownMemberType)"
/home/user3/Documents/SerinBot/Serin/serin/d1_1_pipeline_flow/d2_2_flow_ingest/d3_3_ingest_sync/d4_2_sync_crawler.py,203,38,error,"Cannot access attribute ""name"" for class ""TextChannel"""
/home/user3/Documents/SerinBot/Serin/serin/d1_1_pipeline_flow/d2_2_flow_ingest/d3_3_ingest_sync/d4_2_sync_crawler.py,215,62,error,"Argument of type ""TextChannel"" cannot be assigned to parameter ""channel"" of type ""TextChannel"" in function ""_backfill_from_timestamp"""
/home/user3/Documents/SerinBot/Serin/serin/d1_1_pipeline_flow/d2_2_flow_ingest/d3_3_ingest_sync/d4_2_sync_crawler.py,220,55,error,"Type of ""name"" is unknown (reportUnknownMemberType)"
/home/user3/Documents/SerinBot/Serin/serin/d1_1_pipeline_flow/d2_2_flow_ingest/d3_3_ingest_sync/d4_2_sync_crawler.py,220,63,error,"Cannot access attribute ""name"" for class ""TextChannel"""
/home/user3/Documents/SerinBot/Serin/serin/d1_1_pipeline_flow/d2_2_flow_ingest/d3_3_ingest_sync/d4_2_sync_crawler.py,319,25,error,"Variable ""discord_msg"" is not accessed (reportUnusedVariable)"
/home/user3/Documents/SerinBot/Serin/serin/d1_1_pipeline_flow/d2_4_flow_remember/d3_1_remember_core/d4_1_core_storage/d5_1_search_store.py,44,43,error,"""_build_qdrant_filter"" is protected and used outside of the class in which it is declared (reportPrivateUsage)"
/home/user3/Documents/SerinBot/Serin/serin/d1_1_pipeline_flow/d2_4_flow_remember/d3_1_remember_core/d4_1_core_storage/d5_1_search_store.py,45,39,error,"Type of ""encode"" is partially unknown"
/home/user3/Documents/SerinBot/Serin/serin/d1_1_pipeline_flow/d2_4_flow_remember/d3_1_remember_core/d4_1_core_storage/d5_1_search_store.py,76,5,error,"Function ""_build_qdrant_filter"" is not accessed (reportUnusedFunction)"
/home/user3/Documents/SerinBot/Serin/serin/d1_1_pipeline_flow/d2_4_flow_remember/d3_1_remember_core/d4_1_core_storage/d5_1_search_store.py,151,9,error,"Type of ""result_list"" is partially unknown"
/home/user3/Documents/SerinBot/Serin/serin/d1_1_pipeline_flow/d2_4_flow_remember/d3_1_remember_core/d4_1_core_storage/d5_1_search_store.py,151,28,error,Argument type is partially unknown
/home/user3/Documents/SerinBot/Serin/serin/d1_1_pipeline_flow/d2_4_flow_remember/d3_1_remember_core/d4_1_core_storage/d5_1_search_store.py,152,13,error,"Type of ""item"" is unknown (reportUnknownVariableType)"
/home/user3/Documents/SerinBot/Serin/serin/d1_1_pipeline_flow/d2_4_flow_remember/d3_1_remember_core/d4_1_core_storage/d5_1_search_store.py,153,13,error,"Type of ""bm25"" is unknown (reportUnknownVariableType)"
/home/user3/Documents/SerinBot/Serin/serin/d1_1_pipeline_flow/d2_4_flow_remember/d3_1_remember_core/d4_1_core_storage/d5_1_search_store.py,153,20,error,"Type of ""get"" is unknown (reportUnknownMemberType)"
/home/user3/Documents/SerinBot/Serin/serin/d1_1_pipeline_flow/d2_4_flow_remember/d3_1_remember_core/d4_1_core_storage/d5_1_search_store.py,154,13,error,"Type of ""bm25_contribution"" is partially unknown"
/home/user3/Documents/SerinBot/Serin/serin/d1_1_pipeline_flow/d2_4_flow_remember/d3_1_remember_core/d4_1_core_storage/d5_1_search_store.py,157,16,error,"Return type, ""list[Unknown]"", is partially unknown (reportUnknownVariableType)"
/home/user3/Documents/SerinBot/Serin/serin/d1_1_pipeline_flow/d2_4_flow_remember/d3_1_remember_core/d4_1_core_storage/d5_1_search_store.py,178,25,error,"Type of ""append"" is partially unknown"
/home/user3/Documents/SerinBot/Serin/serin/d1_1_pipeline_flow/d2_4_flow_remember/d3_1_remember_core/d4_1_core_storage/d5_1_search_store.py,180,25,error,"Type of ""append"" is partially unknown"
/home/user3/Documents/SerinBot/Serin/serin/d1_1_pipeline_flow/d2_4_flow_remember/d3_1_remember_core/d4_1_core_storage/d5_1_search_store.py,225,13,error,"Type of ""append"" is partially unknown"
/home/user3/Documents/SerinBot/Serin/serin/d1_1_pipeline_flow/d2_4_flow_remember/d3_1_remember_core/d4_1_core_storage/d5_1_search_store.py,248,16,error,"Return type, ""list[Unknown]"", is partially unknown (reportUnknownVariableType)"
/home/user3/Documents/SerinBot/Serin/serin/d1_1_pipeline_flow/d2_4_flow_remember/d3_1_remember_core/d4_1_core_storage/d5_1_search_store.py,258,5,error,"Function ""_update_ingestion_stats"" is not accessed (reportUnusedFunction)"
/home/user3/Documents/SerinBot/Serin/serin/d1_1_pipeline_flow/d2_4_flow_remember/d3_1_remember_core/d4_1_core_storage/d5_3_write_store.py,19,9,error,"""_update_ingestion_stats"" is private and used outside of the module in which it is declared (reportPrivateUsage)"
/home/user3/Documents/SerinBot/Serin/serin/d1_1_pipeline_flow/d2_4_flow_remember/d3_1_remember_core/d4_1_core_storage/d5_3_write_store.py,185,40,error,"Type of ""encode"" is partially unknown"
/home/user3/Documents/SerinBot/Serin/serin/d1_1_pipeline_flow/d2_4_flow_remember/d3_1_remember_core/d4_2_connection_store.py,17,5,error,"""QDRANT_AVAILABLE"" is constant (because it is uppercase) and cannot be redefined (reportConstantRedefinition)"
/home/user3/Documents/SerinBot/Serin/serin/d1_1_pipeline_flow/d2_4_flow_remember/d3_1_remember_core/d4_2_connection_store.py,29,22,error,"""QdrantClient"" is possibly unbound (reportPossiblyUnboundVariable)"
/home/user3/Documents/SerinBot/Serin/serin/d1_1_pipeline_flow/d2_4_flow_remember/d3_1_remember_core/d4_2_connection_store.py,55,16,error,"Operator ""in"" not supported for types ""str"" and ""str | None"""
/home/user3/Documents/SerinBot/Serin/serin/d1_1_pipeline_flow/d2_4_flow_remember/d3_1_remember_core/d4_2_connection_store.py,75,34,error,"""tags"" is not a known attribute of ""None"" (reportOptionalMemberAccess)"
/home/user3/Documents/SerinBot/Serin/serin/d1_1_pipeline_flow/d2_4_flow_remember/d3_1_remember_core/d4_2_connection_store.py,100,13,error,"No overloads for ""run"" match the provided arguments (reportCallIssue)"
/home/user3/Documents/SerinBot/Serin/serin/d1_1_pipeline_flow/d2_4_flow_remember/d3_1_remember_core/d4_2_connection_store.py,104,32,error,"Argument of type ""dict[str, str]"" cannot be assigned to parameter ""restart_policy"" of type ""_RestartPolicy | None"" in function ""run"""
/home/user3/Documents/SerinBot/Serin/serin/d1_1_pipeline_flow/d2_4_flow_remember/d3_1_remember_core/d4_2_connection_store.py,114,27,error,"""QdrantClient"" is possibly unbound (reportPossiblyUnboundVariable)"
/home/user3/Documents/SerinBot/Serin/serin/d1_1_pipeline_flow/d2_4_flow_remember/d3_1_remember_core/d4_4_core_store.py,22,5,error,"""_build_qdrant_filter"" is private and used outside of the module in which it is declared (reportPrivateUsage)"
/home/user3/Documents/SerinBot/Serin/serin/d1_1_pipeline_flow/d2_4_flow_remember/d3_1_remember_core/d4_4_core_store.py,91,5,error,"""QDRANT_AVAILABLE"" is constant (because it is uppercase) and cannot be redefined (reportConstantRedefinition)"
/home/user3/Documents/SerinBot/Serin/serin/d1_1_pipeline_flow/d2_4_flow_remember/d3_1_remember_core/d4_4_core_store.py,99,5,error,"""EMBEDDING_AVAILABLE"" is constant (because it is uppercase) and cannot be redefined (reportConstantRedefinition)"
/home/user3/Documents/SerinBot/Serin/serin/d1_1_pipeline_flow/d2_4_flow_remember/d3_1_remember_core/d4_4_core_store.py,103,18,error,"Type of ""util"" is unknown (reportUnknownMemberType)"
/home/user3/Documents/SerinBot/Serin/serin/d1_1_pipeline_flow/d2_4_flow_remember/d3_1_remember_core/d4_4_core_store.py,103,18,error,"Type of ""find_spec"" is unknown (reportUnknownMemberType)"
/home/user3/Documents/SerinBot/Serin/serin/d1_1_pipeline_flow/d2_4_flow_remember/d3_1_remember_core/d4_4_core_store.py,103,28,error,"""util"" is not a known attribute of module ""importlib"" (reportAttributeAccessIssue)"
/home/user3/Documents/SerinBot/Serin/serin/d1_1_pipeline_flow/d2_4_flow_remember/d3_1_remember_core/d4_4_core_store.py,261,32,error,"""VectorParams"" is possibly unbound (reportPossiblyUnboundVariable)"
/home/user3/Documents/SerinBot/Serin/serin/d1_1_pipeline_flow/d2_4_flow_remember/d3_1_remember_core/d4_4_core_store.py,263,30,error,"""Distance"" is possibly unbound (reportPossiblyUnboundVariable)"
/home/user3/Documents/SerinBot/Serin/serin/d1_1_pipeline_flow/d2_4_flow_remember/d3_2_remember_knowledge/d4_1_knowledge_belief/d5_1_belief_beliefs.py,179,25,error,"Type of ""append"" is partially unknown"
/home/user3/Documents/SerinBot/Serin/serin/d1_1_pipeline_flow/d2_4_flow_remember/d3_2_remember_knowledge/d4_1_knowledge_belief/d5_1_belief_beliefs.py,199,13,error,"Type of ""append"" is partially unknown"
/home/user3/Documents/SerinBot/Serin/serin/d1_1_pipeline_flow/d2_4_flow_remember/d3_2_remember_knowledge/d4_1_knowledge_belief/d5_1_belief_beliefs.py,251,13,error,"Type of ""append"" is partially unknown"
/home/user3/Documents/SerinBot/Serin/serin/d1_1_pipeline_flow/d2_4_flow_remember/d3_2_remember_knowledge/d4_1_knowledge_belief/d5_1_belief_beliefs.py,262,16,error,"Return type, ""list[Unknown]"", is partially unknown (reportUnknownVariableType)"
/home/user3/Documents/SerinBot/Serin/serin/d1_1_pipeline_flow/d2_4_flow_remember/d3_2_remember_knowledge/d4_2_memory_context.py,35,17,error,"Type of ""append"" is partially unknown"
/home/user3/Documents/SerinBot/Serin/serin/d1_1_pipeline_flow/d2_4_flow_remember/d3_2_remember_knowledge/d4_2_memory_context.py,36,16,error,"Return type, ""list[Unknown]"", is partially unknown (reportUnknownVariableType)"
/home/user3/Documents/SerinBot/Serin/serin/d1_1_pipeline_flow/d2_4_flow_remember/d3_2_remember_knowledge/d4_3_memory_quality.py,168,13,error,"Type of ""append"" is partially unknown"
/home/user3/Documents/SerinBot/Serin/serin/d1_1_pipeline_flow/d2_4_flow_remember/d3_2_remember_knowledge/d4_3_memory_quality.py,171,13,error,"Type of ""append"" is partially unknown"
/home/user3/Documents/SerinBot/Serin/serin/d1_1_pipeline_flow/d2_4_flow_remember/d3_2_remember_knowledge/d4_3_memory_quality.py,174,13,error,"Type of ""append"" is partially unknown"
/home/user3/Documents/SerinBot/Serin/serin/d1_1_pipeline_flow/d2_4_flow_remember/d3_2_remember_knowledge/d4_3_memory_quality.py,177,13,error,"Type of ""append"" is partially unknown"
/home/user3/Documents/SerinBot/Serin/serin/d1_1_pipeline_flow/d2_4_flow_remember/d3_2_remember_knowledge/d4_3_memory_quality.py,180,13,error,"Type of ""append"" is partially unknown"
/home/user3/Documents/SerinBot/Serin/serin/d1_1_pipeline_flow/d2_4_flow_remember/d3_2_remember_knowledge/d4_3_memory_quality.py,182,16,error,"Return type, ""list[Unknown]"", is partially unknown (reportUnknownVariableType)"
/home/user3/Documents/SerinBot/Serin/serin/d1_1_pipeline_flow/d2_4_flow_remember/d3_4_sync_monitor.py,110,17,error,"Type of ""append"" is partially unknown"
/home/user3/Documents/SerinBot/Serin/serin/d1_1_pipeline_flow/d2_4_flow_remember/d3_4_sync_monitor.py,114,13,error,"Type of ""append"" is partially unknown"
/home/user3/Documents/SerinBot/Serin/serin/d1_1_pipeline_flow/d2_4_flow_remember/d3_4_sync_monitor.py,125,25,error,"Type of ""append"" is partially unknown"
/home/user3/Documents/SerinBot/Serin/serin/d1_1_pipeline_flow/d2_4_flow_remember/d3_4_sync_monitor.py,127,17,error,"Type of ""append"" is partially unknown"
/home/user3/Documents/SerinBot/Serin/serin/d1_1_pipeline_flow/d2_4_flow_remember/d3_4_sync_monitor.py,128,16,error,Except clause is unreachable because exception is already handled
/home/user3/Documents/SerinBot/Serin/serin/d1_1_pipeline_flow/d2_4_flow_remember/d3_4_sync_monitor.py,129,13,error,"Type of ""append"" is partially unknown"
/home/user3/Documents/SerinBot/Serin/serin/d1_1_pipeline_flow/d2_4_flow_remember/d3_4_sync_monitor.py,132,40,error,Argument type is partially unknown
/home/user3/Documents/SerinBot/Serin/serin/d1_1_pipeline_flow/d2_4_flow_remember/d3_4_sync_monitor.py,133,17,error,"Type of ""error"" is unknown (reportUnknownVariableType)"
/home/user3/Documents/SerinBot/Serin/serin/d1_1_pipeline_flow/d2_4_flow_remember/d3_4_sync_monitor.py,163,21,error,"Type of ""append"" is partially unknown"
/home/user3/Documents/SerinBot/Serin/serin/d1_1_pipeline_flow/d2_4_flow_remember/d3_4_sync_monitor.py,166,21,error,"Type of ""append"" is partially unknown"
/home/user3/Documents/SerinBot/Serin/serin/d1_1_pipeline_flow/d2_4_flow_remember/d3_4_sync_monitor.py,171,13,error,"Type of ""append"" is partially unknown"
/home/user3/Documents/SerinBot/Serin/serin/d1_1_pipeline_flow/d2_4_flow_remember/d3_4_sync_monitor.py,174,67,error,Argument type is partially unknown
/home/user3/Documents/SerinBot/Serin/serin/d1_1_pipeline_flow/d2_4_flow_remember/d3_4_sync_monitor.py,175,17,error,"Type of ""error"" is unknown (reportUnknownVariableType)"
/home/user3/Documents/SerinBot/Serin/serin/d1_1_pipeline_flow/d2_4_flow_remember/d3_4_sync_monitor.py,190,25,error,"Type of ""append"" is partially unknown"
/home/user3/Documents/SerinBot/Serin/serin/d1_1_pipeline_flow/d2_4_flow_remember/d3_4_sync_monitor.py,201,25,error,"Type of ""append"" is partially unknown"
/home/user3/Documents/SerinBot/Serin/serin/d1_1_pipeline_flow/d2_4_flow_remember/d3_4_sync_monitor.py,206,13,error,"Type of ""append"" is partially unknown"
/home/user3/Documents/SerinBot/Serin/serin/d1_1_pipeline_flow/d2_4_flow_remember/d3_4_sync_monitor.py,209,51,error,Argument type is partially unknown
/home/user3/Documents/SerinBot/Serin/serin/d1_1_pipeline_flow/d2_4_flow_remember/d3_4_sync_monitor.py,226,21,error,"Type of ""append"" is partially unknown"
/home/user3/Documents/SerinBot/Serin/serin/d1_1_pipeline_flow/d2_4_flow_remember/d3_4_sync_monitor.py,233,25,error,"Type of ""append"" is partially unknown"
/home/user3/Documents/SerinBot/Serin/serin/d1_1_pipeline_flow/d2_4_flow_remember/d3_4_sync_monitor.py,246,25,error,"Type of ""append"" is partially unknown"
/home/user3/Documents/SerinBot/Serin/serin/d1_1_pipeline_flow/d2_4_flow_remember/d3_4_sync_monitor.py,251,17,error,"Type of ""append"" is partially unknown"
/home/user3/Documents/SerinBot/Serin/serin/d1_1_pipeline_flow/d2_4_flow_remember/d3_4_sync_monitor.py,254,13,error,"Type of ""append"" is partially unknown"
/home/user3/Documents/SerinBot/Serin/serin/d1_1_pipeline_flow/d2_4_flow_remember/d3_4_sync_monitor.py,257,48,error,Argument type is partially unknown
/home/user3/Documents/SerinBot/Serin/serin/d1_1_pipeline_flow/d2_4_flow_remember/d3_4_sync_monitor.py,273,25,error,"Type of ""append"" is partially unknown"
/home/user3/Documents/SerinBot/Serin/serin/d1_1_pipeline_flow/d2_4_flow_remember/d3_4_sync_monitor.py,280,17,error,"Type of ""append"" is partially unknown"
/home/user3/Documents/SerinBot/Serin/serin/d1_1_pipeline_flow/d2_4_flow_remember/d3_4_sync_monitor.py,283,13,error,"Type of ""append"" is partially unknown"
/home/user3/Documents/SerinBot/Serin/serin/d1_1_pipeline_flow/d2_4_flow_remember/d3_4_sync_monitor.py,319,9,error,"Type of ""report"" is partially unknown"
/home/user3/Documents/SerinBot/Serin/serin/d1_1_pipeline_flow/d2_4_flow_remember/d3_4_sync_monitor.py,337,16,error,"Return type, ""dict[str, str | int | list[dict[str, Any]] | list[str] | dict[str, int | Any | dict[Unknown, Unknown]]]"", is partially unknown (reportUnknownVariableType)"
/home/user3/Documents/SerinBot/Serin/serin/d1_1_pipeline_flow/d2_5_flow_think/d3_2_response_controller.py,395,21,error,"Type of ""append"" is partially unknown"
/home/user3/Documents/SerinBot/Serin/serin/d1_1_pipeline_flow/d2_5_flow_think/d3_2_response_controller.py,399,13,error,"Type of ""append"" is partially unknown"
/home/user3/Documents/SerinBot/Serin/serin/d1_1_pipeline_flow/d2_5_flow_think/d3_2_response_controller.py,401,32,error,Argument type is partially unknown
/home/user3/Documents/SerinBot/Serin/serin/d1_1_pipeline_flow/d2_5_flow_think/d3_3_response_generator.py,353,13,error,"Type of ""text"" is unknown (reportUnknownVariableType)"
/home/user3/Documents/SerinBot/Serin/serin/d1_1_pipeline_flow/d2_5_flow_think/d3_3_response_generator.py,353,20,error,"Type of ""apply_contractions"" is unknown (reportUnknownMemberType)"
/home/user3/Documents/SerinBot/Serin/serin/d1_1_pipeline_flow/d2_5_flow_think/d3_3_response_generator.py,387,16,error,"Type of ""endswith"" is partially unknown"
/home/user3/Documents/SerinBot/Serin/serin/d1_1_pipeline_flow/d2_5_flow_think/d3_3_response_generator.py,388,17,error,"Type of ""text"" is partially unknown"
/home/user3/Documents/SerinBot/Serin/serin/d1_1_pipeline_flow/d2_5_flow_think/d3_3_response_generator.py,390,17,error,"Type of ""text"" is partially unknown"
/home/user3/Documents/SerinBot/Serin/serin/d1_1_pipeline_flow/d2_5_flow_think/d3_3_response_generator.py,392,12,error,"Return type, ""Unknown | str"", is partially unknown (reportUnknownVariableType)"
/home/user3/Documents/SerinBot/Serin/serin/d1_1_pipeline_flow/d2_5_flow_think/d3_4_response_planner.py,98,25,error,"Type of ""append"" is partially unknown"
/home/user3/Documents/SerinBot/Serin/serin/d1_1_pipeline_flow/d2_5_flow_think/d3_4_response_planner.py,111,29,error,"Type of ""append"" is partially unknown"
/home/user3/Documents/SerinBot/Serin/serin/d1_1_pipeline_flow/d2_5_flow_think/d3_4_response_planner.py,117,29,error,"Type of ""append"" is partially unknown"
/home/user3/Documents/SerinBot/Serin/serin/d1_1_pipeline_flow/d2_5_flow_think/d3_4_response_planner.py,122,29,error,"Type of ""append"" is partially unknown"
/home/user3/Documents/SerinBot/Serin/serin/d1_1_pipeline_flow/d2_5_flow_think/d3_4_response_planner.py,128,21,error,"Type of ""append"" is partially unknown"
/home/user3/Documents/SerinBot/Serin/serin/d1_1_pipeline_flow/d2_5_flow_think/d3_4_response_planner.py,132,17,error,"Type of ""append"" is partially unknown"
/home/user3/Documents/SerinBot/Serin/serin/d1_1_pipeline_flow/d2_5_flow_think/d3_4_response_planner.py,139,17,error,"Type of ""append"" is partially unknown"
/home/user3/Documents/SerinBot/Serin/serin/d1_1_pipeline_flow/d2_5_flow_think/d3_4_response_planner.py,143,17,error,"Type of ""append"" is partially unknown"
/home/user3/Documents/SerinBot/Serin/serin/d1_1_pipeline_flow/d2_5_flow_think/d3_4_response_planner.py,167,32,error,Argument type is partially unknown
/home/user3/Documents/SerinBot/Serin/serin/d1_1_pipeline_flow/d2_5_flow_think/d3_4_response_planner.py,168,35,error,Argument type is partially unknown
/home/user3/Documents/SerinBot/Serin/serin/d1_2_gateway_io/d2_1_io_discord/d3_1_pipeline_init/__init__.py,285,39,error,"""_describe_image_background"" is not a known attribute of ""None"" (reportOptionalMemberAccess)"
/home/user3/Documents/SerinBot/Serin/serin/d1_2_gateway_io/d2_1_io_discord/d3_1_pipeline_init/__init__.py,285,39,error,"""_describe_image_background"" is protected and used outside of the class in which it is declared (reportPrivateUsage)"
/home/user3/Documents/SerinBot/Serin/serin/d1_2_gateway_io/d2_1_io_discord/d3_1_pipeline_init/__init__.py,306,49,error,"""memory"" is not a known attribute of ""None"" (reportOptionalMemberAccess)"
/home/user3/Documents/SerinBot/Serin/serin/d1_2_gateway_io/d2_1_io_discord/d3_1_pipeline_init/__init__.py,331,49,error,"""memory"" is not a known attribute of ""None"" (reportOptionalMemberAccess)"
/home/user3/Documents/SerinBot/Serin/serin/d1_2_gateway_io/d2_1_io_discord/d3_2_discord_bot.py,78,9,error,"Import ""WhisperTranscriber"" is not accessed (reportUnusedImport)"
/home/user3/Documents/SerinBot/Serin/serin/d1_2_gateway_io/d2_1_io_discord/d3_2_discord_bot.py,130,17,error,Variable not allowed in type expression (reportInvalidTypeForm)
/home/user3/Documents/SerinBot/Serin/serin/d1_2_gateway_io/d2_1_io_discord/d3_2_discord_bot.py,131,18,error,Variable not allowed in type expression (reportInvalidTypeForm)
/home/user3/Documents/SerinBot/Serin/serin/d1_2_gateway_io/d2_1_io_discord/d3_2_discord_bot.py,132,17,error,Variable not allowed in type expression (reportInvalidTypeForm)
/home/user3/Documents/SerinBot/Serin/serin/d1_2_gateway_io/d2_1_io_discord/d3_2_discord_bot.py,134,23,error,Variable not allowed in type expression (reportInvalidTypeForm)
/home/user3/Documents/SerinBot/Serin/serin/d1_2_gateway_io/d2_1_io_discord/d3_2_discord_bot.py,136,25,error,Variable not allowed in type expression (reportInvalidTypeForm)
/home/user3/Documents/SerinBot/Serin/serin/d1_2_gateway_io/d2_1_io_discord/d3_2_discord_bot.py,185,20,error,"Type of ""_protocol"" is unknown (reportUnknownMemberType)"
/home/user3/Documents/SerinBot/Serin/serin/d1_2_gateway_io/d2_1_io_discord/d3_2_discord_bot.py,186,34,error,"Type of ""_protocol"" is unknown (reportUnknownMemberType)"
/home/user3/Documents/SerinBot/Serin/serin/d1_2_gateway_io/d2_1_io_discord/d3_2_discord_bot.py,186,34,error,"Type of ""disconnect"" is unknown (reportUnknownMemberType)"
/home/user3/Documents/SerinBot/Serin/serin/d1_2_gateway_io/d2_1_io_discord/d3_2_discord_bot.py,186,34,error,Argument type is unknown
/home/user3/Documents/SerinBot/Serin/serin/d1_2_gateway_io/d2_1_io_discord/d3_2_discord_bot.py,191,35,error,"Argument of type ""object | None"" cannot be assigned to parameter of type ""FrameType | None"""
/home/user3/Documents/SerinBot/Serin/serin/d1_2_gateway_io/d2_1_io_discord/d3_3_command_handlers.py,76,9,error,"Type of ""bg_stats"" is partially unknown"
/home/user3/Documents/SerinBot/Serin/serin/d1_2_gateway_io/d2_1_io_discord/d3_3_command_handlers.py,77,9,error,"Type of ""passive_stats"" is partially unknown"
/home/user3/Documents/SerinBot/Serin/serin/d1_2_gateway_io/d2_1_io_discord/d3_3_command_handlers.py,79,9,error,"Type of ""crawler_stats"" is partially unknown"
/home/user3/Documents/SerinBot/Serin/serin/d1_2_gateway_io/d2_1_io_discord/d3_3_command_handlers.py,94,28,error,"Type of ""get"" is partially unknown"
/home/user3/Documents/SerinBot/Serin/serin/d1_2_gateway_io/d2_1_io_discord/d3_3_command_handlers.py,95,35,error,"Type of ""get"" is partially unknown"
/home/user3/Documents/SerinBot/Serin/serin/d1_2_gateway_io/d2_1_io_discord/d3_3_command_handlers.py,96,27,error,"Type of ""get"" is partially unknown"
/home/user3/Documents/SerinBot/Serin/serin/d1_2_gateway_io/d2_1_io_discord/d3_3_command_handlers.py,101,25,error,"Type of ""get"" is partially unknown"
/home/user3/Documents/SerinBot/Serin/serin/d1_2_gateway_io/d2_1_io_discord/d3_3_command_handlers.py,102,26,error,"Type of ""get"" is partially unknown"
/home/user3/Documents/SerinBot/Serin/serin/d1_2_gateway_io/d2_1_io_discord/d3_3_command_handlers.py,104,29,error,"Type of ""get"" is partially unknown"
/home/user3/Documents/SerinBot/Serin/serin/d1_2_gateway_io/d2_1_io_discord/d3_3_command_handlers.py,105,34,error,"Type of ""get"" is partially unknown"
/home/user3/Documents/SerinBot/Serin/serin/d1_2_gateway_io/d2_1_io_discord/d3_3_command_handlers.py,106,37,error,"Type of ""get"" is partially unknown"
/home/user3/Documents/SerinBot/Serin/serin/d1_2_gateway_io/d2_1_io_discord/d3_3_command_handlers.py,107,28,error,"Type of ""get"" is partially unknown"
/home/user3/Documents/SerinBot/Serin/serin/d1_2_gateway_io/d2_2_voice_system/d3_1_system_audio/d4_1_audio_process/d5_1_audio_processor.py,16,5,error,"Function ""_rand"" is not accessed (reportUnusedFunction)"
/home/user3/Documents/SerinBot/Serin/serin/d1_2_gateway_io/d2_2_voice_system/d3_1_system_audio/d4_1_audio_process/d5_1_audio_processor.py,19,5,error,"Function ""_uniform"" is not accessed (reportUnusedFunction)"
/home/user3/Documents/SerinBot/Serin/serin/d1_2_gateway_io/d2_2_voice_system/d3_1_system_audio/d4_1_audio_process/d5_1_audio_processor.py,140,13,error,"""_detect_voice_activity"" is private and used outside of the module in which it is declared (reportPrivateUsage)"
/home/user3/Documents/SerinBot/Serin/serin/d1_2_gateway_io/d2_2_voice_system/d3_1_system_audio/d4_1_audio_process/d5_1_audio_processor.py,152,13,error,"""_queue_for_transcription"" is private and used outside of the module in which it is declared (reportPrivateUsage)"
/home/user3/Documents/SerinBot/Serin/serin/d1_2_gateway_io/d2_2_voice_system/d3_1_system_audio/d4_1_audio_process/d5_1_audio_processor.py,158,13,error,"""_cancel_silence_timer"" is private and used outside of the module in which it is declared (reportPrivateUsage)"
/home/user3/Documents/SerinBot/Serin/serin/d1_2_gateway_io/d2_2_voice_system/d3_1_system_audio/d4_1_audio_process/d5_1_audio_processor.py,164,13,error,"""_schedule_silence_timer"" is private and used outside of the module in which it is declared (reportPrivateUsage)"
/home/user3/Documents/SerinBot/Serin/serin/d1_2_gateway_io/d2_2_voice_system/d3_1_system_audio/d4_1_audio_process/d5_1_audio_processor.py,170,13,error,"""_is_locked"" is private and used outside of the module in which it is declared (reportPrivateUsage)"
/home/user3/Documents/SerinBot/Serin/serin/d1_2_gateway_io/d2_2_voice_system/d3_1_system_audio/d4_1_audio_process/d5_1_audio_processor.py,176,13,error,"""_release_lock"" is private and used outside of the module in which it is declared (reportPrivateUsage)"
/home/user3/Documents/SerinBot/Serin/serin/d1_2_gateway_io/d2_2_voice_system/d3_1_system_audio/d4_1_audio_process/d5_1_audio_processor.py,182,13,error,"""_flush_buffered_audio"" is private and used outside of the module in which it is declared (reportPrivateUsage)"
/home/user3/Documents/SerinBot/Serin/serin/d1_2_gateway_io/d2_2_voice_system/d3_1_system_audio/d4_1_audio_process/d5_1_audio_processor.py,188,13,error,"""_set_lock"" is private and used outside of the module in which it is declared (reportPrivateUsage)"
/home/user3/Documents/SerinBot/Serin/serin/d1_2_gateway_io/d2_2_voice_system/d3_1_system_audio/d4_1_audio_process/d5_1_audio_processor.py,195,13,error,"""_pcm_to_wav_base64"" is private and used outside of the module in which it is declared (reportPrivateUsage)"
/home/user3/Documents/SerinBot/Serin/serin/d1_2_gateway_io/d2_2_voice_system/d3_1_system_audio/d4_1_audio_process/d5_1_audio_processor.py,201,13,error,"""_transcribe_with_gemma"" is private and used outside of the module in which it is declared (reportPrivateUsage)"
/home/user3/Documents/SerinBot/Serin/serin/d1_2_gateway_io/d2_2_voice_system/d3_1_system_audio/d4_1_audio_process/d5_1_audio_processor.py,207,13,error,"""_process_queue"" is private and used outside of the module in which it is declared (reportPrivateUsage)"
/home/user3/Documents/SerinBot/Serin/serin/d1_2_gateway_io/d2_2_voice_system/d3_1_system_audio/d4_1_audio_process/d5_1_audio_processor.py,213,13,error,"""_transcribe_and_store"" is private and used outside of the module in which it is declared (reportPrivateUsage)"
/home/user3/Documents/SerinBot/Serin/serin/d1_2_gateway_io/d2_2_voice_system/d3_1_system_audio/d4_1_audio_process/d5_2_voice_behavior.py,8,5,error,"""_rand"" is private and used outside of the module in which it is declared (reportPrivateUsage)"
/home/user3/Documents/SerinBot/Serin/serin/d1_2_gateway_io/d2_2_voice_system/d3_1_system_audio/d4_1_audio_process/d5_2_voice_behavior.py,9,5,error,"""_uniform"" is private and used outside of the module in which it is declared (reportPrivateUsage)"
/home/user3/Documents/SerinBot/Serin/serin/d1_2_gateway_io/d2_2_voice_system/d3_1_system_audio/d4_1_audio_process/d5_2_voice_behavior.py,183,13,error,"Type of ""append"" is partially unknown"
/home/user3/Documents/SerinBot/Serin/serin/d1_2_gateway_io/d2_2_voice_system/d3_1_system_audio/d4_1_audio_process/d5_2_voice_behavior.py,262,21,error,"Type of ""append"" is partially unknown"
/home/user3/Documents/SerinBot/Serin/serin/d1_2_gateway_io/d2_2_voice_system/d3_1_system_audio/d4_1_audio_process/d5_2_voice_behavior.py,269,21,error,"Type of ""append"" is partially unknown"
/home/user3/Documents/SerinBot/Serin/serin/d1_2_gateway_io/d2_2_voice_system/d3_1_system_audio/d4_1_audio_process/d5_2_voice_behavior.py,273,17,error,"Type of ""append"" is partially unknown"
/home/user3/Documents/SerinBot/Serin/serin/d1_2_gateway_io/d2_2_voice_system/d3_1_system_audio/d4_1_audio_process/d5_2_voice_behavior.py,278,41,error,Argument type is partially unknown
/home/user3/Documents/SerinBot/Serin/serin/d1_2_gateway_io/d2_2_voice_system/d3_1_system_audio/d4_2_audio_transcribe.py,13,11,error,"Function ""_transcribe_and_store"" is not accessed (reportUnusedFunction)"
/home/user3/Documents/SerinBot/Serin/serin/d1_2_gateway_io/d2_2_voice_system/d3_1_system_audio/d4_2_audio_transcribe.py,107,59,error,"Type of ""get"" is partially unknown"
/home/user3/Documents/SerinBot/Serin/serin/d1_2_gateway_io/d2_2_voice_system/d3_1_system_audio/d4_2_audio_transcribe.py,108,112,error,Argument type is unknown
/home/user3/Documents/SerinBot/Serin/serin/d1_2_gateway_io/d2_2_voice_system/d3_1_system_audio/d4_3_audio_utils.py,15,5,error,"Function ""_pcm_to_wav_base64"" is not accessed (reportUnusedFunction)"
/home/user3/Documents/SerinBot/Serin/serin/d1_2_gateway_io/d2_2_voice_system/d3_1_system_audio/d4_3_audio_utils.py,67,11,error,"Function ""_transcribe_with_gemma"" is not accessed (reportUnusedFunction)"
/home/user3/Documents/SerinBot/Serin/serin/d1_2_gateway_io/d2_2_voice_system/d3_1_system_audio/d4_4_audio_vad.py,14,5,error,"Function ""_detect_voice_activity"" is not accessed (reportUnusedFunction)"
/home/user3/Documents/SerinBot/Serin/serin/d1_2_gateway_io/d2_2_voice_system/d3_1_system_audio/d4_4_audio_vad.py,133,5,error,"Function ""_cancel_silence_timer"" is not accessed (reportUnusedFunction)"
/home/user3/Documents/SerinBot/Serin/serin/d1_2_gateway_io/d2_2_voice_system/d3_1_system_audio/d4_4_audio_vad.py,139,5,error,"Function ""_schedule_silence_timer"" is not accessed (reportUnusedFunction)"
/home/user3/Documents/SerinBot/Serin/serin/d1_2_gateway_io/d2_2_voice_system/d3_1_system_audio/d4_4_audio_vad.py,181,5,error,"Function ""_is_locked"" is not accessed (reportUnusedFunction)"
/home/user3/Documents/SerinBot/Serin/serin/d1_2_gateway_io/d2_2_voice_system/d3_1_system_audio/d4_4_audio_vad.py,200,5,error,"Function ""_release_lock"" is not accessed (reportUnusedFunction)"
/home/user3/Documents/SerinBot/Serin/serin/d1_2_gateway_io/d2_2_voice_system/d3_1_system_audio/d4_4_audio_vad.py,212,5,error,"Function ""_flush_buffered_audio"" is not accessed (reportUnusedFunction)"
/home/user3/Documents/SerinBot/Serin/serin/d1_2_gateway_io/d2_2_voice_system/d3_1_system_audio/d4_4_audio_vad.py,239,5,error,"Function ""_set_lock"" is not accessed (reportUnusedFunction)"
/home/user3/Documents/SerinBot/Serin/serin/d1_2_gateway_io/d2_2_voice_system/d3_1_system_audio/d4_4_audio_vad.py,259,11,error,"Function ""_process_queue"" is not accessed (reportUnusedFunction)"
/home/user3/Documents/SerinBot/Serin/serin/d1_2_gateway_io/d2_2_voice_system/d3_2_bridge_io/d4_1_io_bridge.py,152,20,error,"Return type, ""tuple[Unknown, ...]"", is partially unknown (reportUnknownVariableType)"
/home/user3/Documents/SerinBot/Serin/serin/d1_2_gateway_io/d2_2_voice_system/d3_2_bridge_io/d4_2_bridge_commands.py,69,15,error,"""_stdin_lock"" is protected and used outside of the class in which it is declared (reportPrivateUsage)"
/home/user3/Documents/SerinBot/Serin/serin/d1_2_gateway_io/d2_2_voice_system/d3_2_bridge_io/d4_2_bridge_commands.py,128,14,error,"""_reader_task"" is protected and used outside of the class in which it is declared (reportPrivateUsage)"
/home/user3/Documents/SerinBot/Serin/serin/d1_2_gateway_io/d2_2_voice_system/d3_2_bridge_io/d4_2_bridge_commands.py,129,14,error,"""_guild_id"" is protected and used outside of the class in which it is declared (reportPrivateUsage)"
/home/user3/Documents/SerinBot/Serin/serin/d1_2_gateway_io/d2_2_voice_system/d3_2_bridge_io/d4_2_bridge_commands.py,130,14,error,"""_channel_id"" is protected and used outside of the class in which it is declared (reportPrivateUsage)"
/home/user3/Documents/SerinBot/Serin/serin/d1_2_gateway_io/d2_2_voice_system/d3_2_bridge_io/d4_2_bridge_commands.py,131,14,error,"""_running"" is protected and used outside of the class in which it is declared (reportPrivateUsage)"
/home/user3/Documents/SerinBot/Serin/serin/d1_2_gateway_io/d2_2_voice_system/d3_2_bridge_io/d4_2_bridge_commands.py,132,14,error,"""_voice_client"" is protected and used outside of the class in which it is declared (reportPrivateUsage)"
/home/user3/Documents/SerinBot/Serin/serin/d1_2_gateway_io/d2_2_voice_system/d3_2_bridge_io/d4_2_bridge_commands.py,133,14,error,"""_last_connection_info"" is protected and used outside of the class in which it is declared (reportPrivateUsage)"
/home/user3/Documents/SerinBot/Serin/serin/d1_2_gateway_io/d2_2_voice_system/d3_2_bridge_io/d4_2_bridge_commands.py,134,14,error,"""_start_mode"" is protected and used outside of the class in which it is declared (reportPrivateUsage)"
/home/user3/Documents/SerinBot/Serin/serin/d1_2_gateway_io/d2_2_voice_system/d3_2_bridge_io/d4_2_bridge_commands.py,135,14,error,"""_death_event"" is protected and used outside of the class in which it is declared (reportPrivateUsage)"
/home/user3/Documents/SerinBot/Serin/serin/d1_2_gateway_io/d2_2_voice_system/d3_2_bridge_io/d4_2_bridge_commands.py,136,14,error,"""_shutdown_requested"" is protected and used outside of the class in which it is declared (reportPrivateUsage)"
/home/user3/Documents/SerinBot/Serin/serin/d1_2_gateway_io/d2_2_voice_system/d3_2_bridge_io/d4_2_bridge_commands.py,138,14,error,"""_reader_consumer_task"" is protected and used outside of the class in which it is declared (reportPrivateUsage)"
/home/user3/Documents/SerinBot/Serin/serin/d1_2_gateway_io/d2_2_voice_system/d3_2_bridge_io/d4_2_bridge_commands.py,138,63,error,"""_read_loop"" is protected and used outside of the class in which it is declared (reportPrivateUsage)"
/home/user3/Documents/SerinBot/Serin/serin/d1_2_gateway_io/d2_2_voice_system/d3_2_bridge_io/d4_2_bridge_commands.py,141,14,error,"""_supervisor_task"" is protected and used outside of the class in which it is declared (reportPrivateUsage)"
/home/user3/Documents/SerinBot/Serin/serin/d1_2_gateway_io/d2_2_voice_system/d3_2_bridge_io/d4_2_bridge_commands.py,141,58,error,"""_supervise_rust_process"" is protected and used outside of the class in which it is declared (reportPrivateUsage)"
/home/user3/Documents/SerinBot/Serin/serin/d1_2_gateway_io/d2_2_voice_system/d3_2_bridge_io/d4_2_bridge_commands.py,143,14,error,"""_start_stderr_reader"" is protected and used outside of the class in which it is declared (reportPrivateUsage)"
/home/user3/Documents/SerinBot/Serin/serin/d1_2_gateway_io/d2_2_voice_system/d3_2_bridge_io/d4_2_bridge_commands.py,169,26,error,"""_guild_id"" is protected and used outside of the class in which it is declared (reportPrivateUsage)"
/home/user3/Documents/SerinBot/Serin/serin/d1_2_gateway_io/d2_2_voice_system/d3_2_bridge_io/d4_2_bridge_commands.py,170,28,error,"""_channel_id"" is protected and used outside of the class in which it is declared (reportPrivateUsage)"
/home/user3/Documents/SerinBot/Serin/serin/d1_2_gateway_io/d2_2_voice_system/d3_2_bridge_io/d4_3_bridge_recovery.py,22,5,error,"Function ""_handle_process_death"" is not accessed (reportUnusedFunction)"
/home/user3/Documents/SerinBot/Serin/serin/d1_2_gateway_io/d2_2_voice_system/d3_2_bridge_io/d4_3_bridge_recovery.py,35,34,error,"""_guild_id"" is protected and used outside of the class in which it is declared (reportPrivateUsage)"
/home/user3/Documents/SerinBot/Serin/serin/d1_2_gateway_io/d2_2_voice_system/d3_2_bridge_io/d4_3_bridge_recovery.py,42,34,error,"""_guild_id"" is protected and used outside of the class in which it is declared (reportPrivateUsage)"
/home/user3/Documents/SerinBot/Serin/serin/d1_2_gateway_io/d2_2_voice_system/d3_2_bridge_io/d4_3_bridge_recovery.py,47,34,error,"""_guild_id"" is protected and used outside of the class in which it is declared (reportPrivateUsage)"
/home/user3/Documents/SerinBot/Serin/serin/d1_2_gateway_io/d2_2_voice_system/d3_2_bridge_io/d4_3_bridge_recovery.py,51,13,error,"""_stderr_buf"" is protected and used outside of the class in which it is declared (reportPrivateUsage)"
/home/user3/Documents/SerinBot/Serin/serin/d1_2_gateway_io/d2_2_voice_system/d3_2_bridge_io/d4_3_bridge_recovery.py,53,36,error,"""_stderr_buf"" is protected and used outside of the class in which it is declared (reportPrivateUsage)"
/home/user3/Documents/SerinBot/Serin/serin/d1_2_gateway_io/d2_2_voice_system/d3_2_bridge_io/d4_3_bridge_recovery.py,54,42,error,"""_stderr_buf"" is protected and used outside of the class in which it is declared (reportPrivateUsage)"
/home/user3/Documents/SerinBot/Serin/serin/d1_2_gateway_io/d2_2_voice_system/d3_2_bridge_io/d4_3_bridge_recovery.py,55,34,error,"""_guild_id"" is protected and used outside of the class in which it is declared (reportPrivateUsage)"
/home/user3/Documents/SerinBot/Serin/serin/d1_2_gateway_io/d2_2_voice_system/d3_2_bridge_io/d4_3_bridge_recovery.py,59,10,error,"""_death_event"" is protected and used outside of the class in which it is declared (reportPrivateUsage)"
/home/user3/Documents/SerinBot/Serin/serin/d1_2_gateway_io/d2_2_voice_system/d3_2_bridge_io/d4_3_bridge_recovery.py,65,11,error,"Function ""_supervise_rust_process"" is not accessed (reportUnusedFunction)"
/home/user3/Documents/SerinBot/Serin/serin/d1_2_gateway_io/d2_2_voice_system/d3_2_bridge_io/d4_3_bridge_recovery.py,77,20,error,"""_shutdown_requested"" is protected and used outside of the class in which it is declared (reportPrivateUsage)"
/home/user3/Documents/SerinBot/Serin/serin/d1_2_gateway_io/d2_2_voice_system/d3_2_bridge_io/d4_3_bridge_recovery.py,78,20,error,"""_death_event"" is protected and used outside of the class in which it is declared (reportPrivateUsage)"
/home/user3/Documents/SerinBot/Serin/serin/d1_2_gateway_io/d2_2_voice_system/d3_2_bridge_io/d4_3_bridge_recovery.py,79,17,error,"""_shutdown_requested"" is protected and used outside of the class in which it is declared (reportPrivateUsage)"
/home/user3/Documents/SerinBot/Serin/serin/d1_2_gateway_io/d2_2_voice_system/d3_2_bridge_io/d4_3_bridge_recovery.py,84,14,error,"""_restart_timestamps"" is protected and used outside of the class in which it is declared (reportPrivateUsage)"
/home/user3/Documents/SerinBot/Serin/serin/d1_2_gateway_io/d2_2_voice_system/d3_2_bridge_io/d4_3_bridge_recovery.py,85,21,error,"""_restart_timestamps"" is protected and used outside of the class in which it is declared (reportPrivateUsage)"
/home/user3/Documents/SerinBot/Serin/serin/d1_2_gateway_io/d2_2_voice_system/d3_2_bridge_io/d4_3_bridge_recovery.py,87,27,error,"""_restart_timestamps"" is protected and used outside of the class in which it is declared (reportPrivateUsage)"
/home/user3/Documents/SerinBot/Serin/serin/d1_2_gateway_io/d2_2_voice_system/d3_2_bridge_io/d4_3_bridge_recovery.py,90,42,error,"""_restart_timestamps"" is protected and used outside of the class in which it is declared (reportPrivateUsage)"
/home/user3/Documents/SerinBot/Serin/serin/d1_2_gateway_io/d2_2_voice_system/d3_2_bridge_io/d4_3_bridge_recovery.py,92,42,error,"""_guild_id"" is protected and used outside of the class in which it is declared (reportPrivateUsage)"
/home/user3/Documents/SerinBot/Serin/serin/d1_2_gateway_io/d2_2_voice_system/d3_2_bridge_io/d4_3_bridge_recovery.py,99,41,error,"""_restart_timestamps"" is protected and used outside of the class in which it is declared (reportPrivateUsage)"
/home/user3/Documents/SerinBot/Serin/serin/d1_2_gateway_io/d2_2_voice_system/d3_2_bridge_io/d4_3_bridge_recovery.py,100,34,error,"""_guild_id"" is protected and used outside of the class in which it is declared (reportPrivateUsage)"
/home/user3/Documents/SerinBot/Serin/serin/d1_2_gateway_io/d2_2_voice_system/d3_2_bridge_io/d4_3_bridge_recovery.py,108,14,error,"""_running"" is protected and used outside of the class in which it is declared (reportPrivateUsage)"
/home/user3/Documents/SerinBot/Serin/serin/d1_2_gateway_io/d2_2_voice_system/d3_2_bridge_io/d4_3_bridge_recovery.py,112,25,error,"""_guild_id"" is protected and used outside of the class in which it is declared (reportPrivateUsage)"
/home/user3/Documents/SerinBot/Serin/serin/d1_2_gateway_io/d2_2_voice_system/d3_2_bridge_io/d4_3_bridge_recovery.py,113,27,error,"""_channel_id"" is protected and used outside of the class in which it is declared (reportPrivateUsage)"
/home/user3/Documents/SerinBot/Serin/serin/d1_2_gateway_io/d2_2_voice_system/d3_2_bridge_io/d4_3_bridge_recovery.py,118,21,error,"""_start_mode"" is protected and used outside of the class in which it is declared (reportPrivateUsage)"
/home/user3/Documents/SerinBot/Serin/serin/d1_2_gateway_io/d2_2_voice_system/d3_2_bridge_io/d4_3_bridge_recovery.py,118,60,error,"""_voice_client"" is protected and used outside of the class in which it is declared (reportPrivateUsage)"
/home/user3/Documents/SerinBot/Serin/serin/d1_2_gateway_io/d2_2_voice_system/d3_2_bridge_io/d4_3_bridge_recovery.py,120,48,error,"""_voice_client"" is protected and used outside of the class in which it is declared (reportPrivateUsage)"
/home/user3/Documents/SerinBot/Serin/serin/d1_2_gateway_io/d2_2_voice_system/d3_2_bridge_io/d4_3_bridge_recovery.py,122,23,error,"""_last_connection_info"" is protected and used outside of the class in which it is declared (reportPrivateUsage)"
/home/user3/Documents/SerinBot/Serin/serin/d1_2_gateway_io/d2_2_voice_system/d3_2_bridge_io/d4_3_bridge_recovery.py,124,54,error,"""_last_connection_info"" is protected and used outside of the class in which it is declared (reportPrivateUsage)"
/home/user3/Documents/SerinBot/Serin/serin/d1_2_gateway_io/d2_2_voice_system/d3_2_bridge_io/d4_3_bridge_recovery.py,134,21,error,"""_reconnect_callback"" is protected and used outside of the class in which it is declared (reportPrivateUsage)"
/home/user3/Documents/SerinBot/Serin/serin/d1_2_gateway_io/d2_2_voice_system/d3_2_bridge_io/d4_3_bridge_recovery.py,136,32,error,"""_reconnect_callback"" is protected and used outside of the class in which it is declared (reportPrivateUsage)"
/home/user3/Documents/SerinBot/Serin/serin/d1_2_gateway_io/d2_2_voice_system/d3_2_bridge_io/d4_3_bridge_recovery.py,140,18,error,"""_death_event"" is protected and used outside of the class in which it is declared (reportPrivateUsage)"
/home/user3/Documents/SerinBot/Serin/serin/d1_2_gateway_io/d2_2_voice_system/d3_2_bridge_io/d4_3_bridge_recovery.py,144,18,error,"""_death_event"" is protected and used outside of the class in which it is declared (reportPrivateUsage)"
/home/user3/Documents/SerinBot/Serin/serin/d1_2_gateway_io/d2_2_voice_system/d3_2_bridge_io/d4_3_bridge_recovery.py,153,10,error,"""_reconnect_callback"" is protected and used outside of the class in which it is declared (reportPrivateUsage)"
/home/user3/Documents/SerinBot/Serin/serin/d1_2_gateway_io/d2_2_voice_system/d3_2_bridge_io/d4_3_bridge_recovery.py,163,5,error,"Function ""_start_stderr_reader"" is not accessed (reportUnusedFunction)"
/home/user3/Documents/SerinBot/Serin/serin/d1_2_gateway_io/d2_2_voice_system/d3_2_bridge_io/d4_3_bridge_recovery.py,183,22,error,"""_stderr_buf"" is protected and used outside of the class in which it is declared (reportPrivateUsage)"
/home/user3/Documents/SerinBot/Serin/serin/d1_2_gateway_io/d2_2_voice_system/d3_2_bridge_io/d4_3_bridge_recovery.py,204,10,error,"""_usernames"" is protected and used outside of the class in which it is declared (reportPrivateUsage)"
/home/user3/Documents/SerinBot/Serin/serin/d1_2_gateway_io/d2_2_voice_system/d3_5_tts_engine.py,27,10,error,"Import ""TTS.api"" could not be resolved (reportMissingImports)"
/home/user3/Documents/SerinBot/Serin/serin/d1_2_gateway_io/d2_2_voice_system/d3_5_tts_engine.py,27,25,error,"Type of ""TTS"" is unknown (reportUnknownVariableType)"
/home/user3/Documents/SerinBot/Serin/serin/d1_2_gateway_io/d2_2_voice_system/d3_5_tts_engine.py,56,41,error,"""torch"" is possibly unbound (reportPossiblyUnboundVariable)"
/home/user3/Documents/SerinBot/Serin/serin/d1_2_gateway_io/d2_2_voice_system/d3_5_tts_engine.py,104,28,error,Return type is unknown (reportUnknownVariableType)
/home/user3/Documents/SerinBot/Serin/serin/d1_2_gateway_io/d2_2_voice_system/d3_5_tts_engine.py,104,28,error,"""TTS"" is possibly unbound (reportPossiblyUnboundVariable)"
/home/user3/Documents/SerinBot/Serin/serin/d1_2_gateway_io/d2_2_voice_system/d3_5_tts_engine.py,160,27,error,"""edge_tts"" is possibly unbound (reportPossiblyUnboundVariable)"
/home/user3/Documents/SerinBot/Serin/serin/d1_2_gateway_io/d2_2_voice_system/d3_5_tts_engine.py,166,21,error,"Type of ""append"" is partially unknown"
/home/user3/Documents/SerinBot/Serin/serin/d1_2_gateway_io/d2_2_voice_system/d3_5_tts_engine.py,166,41,error,Could not access item in TypedDict
/home/user3/Documents/SerinBot/Serin/serin/d1_2_gateway_io/d2_2_voice_system/d3_5_tts_engine.py,173,33,error,Argument type is partially unknown
/home/user3/Documents/SerinBot/Serin/serin/d1_2_gateway_io/d2_2_voice_system/d3_5_tts_engine.py,252,27,error,Argument type is partially unknown
/home/user3/Documents/SerinBot/Serin/serin/d1_2_gateway_io/d2_3_voice_transcribe/d3_1_transcribe_models/d4_2_models_tracker.py,226,16,error,"Return type, ""dict[Unknown, Unknown]"", is partially unknown (reportUnknownVariableType)"
/home/user3/Documents/SerinBot/Serin/serin/d1_2_gateway_io/d2_3_voice_transcribe/d3_4_transcribe_transcriber.py,23,10,error,"Stub file not found for ""faster_whisper"" (reportMissingTypeStubs)"
/home/user3/Documents/SerinBot/Serin/serin/d1_2_gateway_io/d2_3_voice_transcribe/d3_4_transcribe_transcriber.py,27,5,error,"""WHISPER_AVAILABLE"" is constant (because it is uppercase) and cannot be redefined (reportConstantRedefinition)"
/home/user3/Documents/SerinBot/Serin/serin/d1_2_gateway_io/d2_3_voice_transcribe/d3_4_transcribe_transcriber.py,49,21,error,"""WhisperModel"" is possibly unbound (reportPossiblyUnboundVariable)"
/home/user3/Documents/SerinBot/Serin/serin/d1_2_gateway_io/d2_3_voice_transcribe/d3_4_transcribe_transcriber.py,79,17,error,"""WhisperModel"" is possibly unbound (reportPossiblyUnboundVariable)"
/home/user3/Documents/SerinBot/Serin/serin/d1_2_gateway_io/d2_3_voice_transcribe/d3_4_transcribe_transcriber.py,130,23,error,"Variable ""info"" is not accessed (reportUnusedVariable)"
/home/user3/Documents/SerinBot/Serin/serin/d1_2_gateway_io/d2_3_voice_transcribe/d3_4_transcribe_transcriber.py,131,17,error,"Type of ""transcribe"" is partially unknown"
/home/user3/Documents/SerinBot/Serin/serin/d1_2_gateway_io/d2_3_voice_transcribe/d3_4_transcribe_transcriber.py,131,17,error,Argument type is partially unknown
/home/user3/Documents/SerinBot/Serin/serin/d1_3_state_core/d2_1_db_protect/d3_1_protect_backup.py,26,25,error,"Type of ""append"" is partially unknown"
/home/user3/Documents/SerinBot/Serin/serin/d1_3_state_core/d2_1_db_protect/d3_1_protect_backup.py,38,29,error,"Type of ""append"" is partially unknown"
/home/user3/Documents/SerinBot/Serin/serin/d1_3_state_core/d2_1_db_protect/d3_1_protect_backup.py,41,13,error,"Type of ""sort"" is partially unknown"
/home/user3/Documents/SerinBot/Serin/serin/d1_3_state_core/d2_1_db_protect/d3_1_protect_backup.py,41,37,error,"Type of parameter ""x"" is unknown (reportUnknownLambdaType)"
/home/user3/Documents/SerinBot/Serin/serin/d1_3_state_core/d2_1_db_protect/d3_1_protect_backup.py,41,40,error,Return type of lambda is unknown (reportUnknownLambdaType)
/home/user3/Documents/SerinBot/Serin/serin/d1_3_state_core/d2_1_db_protect/d3_1_protect_backup.py,44,16,error,"Return type, ""list[Unknown]"", is partially unknown (reportUnknownVariableType)"
/home/user3/Documents/SerinBot/Serin/serin/d1_3_state_core/d2_1_db_protect/d3_3_protect_recovery.py,79,25,error,"Type of ""table_name"" is unknown (reportUnknownVariableType)"
/home/user3/Documents/SerinBot/Serin/serin/d1_3_state_core/d2_1_db_protect/d3_3_protect_recovery.py,79,37,error,"Type of ""rows"" is unknown (reportUnknownVariableType)"
/home/user3/Documents/SerinBot/Serin/serin/d1_3_state_core/d2_1_db_protect/d3_3_protect_recovery.py,81,63,error,"Type of ""_"" is unknown (reportUnknownVariableType)"
/home/user3/Documents/SerinBot/Serin/serin/d1_3_state_core/d2_1_db_protect/d3_3_protect_recovery.py,82,36,error,"Type of ""replace"" is unknown (reportUnknownMemberType)"
/home/user3/Documents/SerinBot/Serin/serin/d1_3_state_core/d2_1_db_protect/d3_3_protect_recovery.py,82,36,error,"Type of ""isalnum"" is unknown (reportUnknownMemberType)"
/home/user3/Documents/SerinBot/Serin/serin/d1_3_state_core/d2_1_db_protect/d3_3_protect_recovery.py,85,62,error,Argument type is unknown
/home/user3/Documents/SerinBot/Serin/serin/d1_3_state_core/d2_1_db_protect/d3_3_protect_recovery.py,85,89,error,Argument type is unknown
/home/user3/Documents/SerinBot/Serin/serin/d1_3_state_core/d2_1_db_protect/d3_4_protect_shutdown.py,50,29,error,"Type of ""backup_count"" is unknown (reportUnknownMemberType)"
/home/user3/Documents/SerinBot/Serin/serin/d1_3_state_core/d2_2_core_memory/d3_1_belief_store.py,180,25,error,"Type of ""append"" is partially unknown"
/home/user3/Documents/SerinBot/Serin/serin/d1_3_state_core/d2_2_core_memory/d3_1_belief_store.py,200,13,error,"Type of ""append"" is partially unknown"
/home/user3/Documents/SerinBot/Serin/serin/d1_3_state_core/d2_2_core_memory/d3_1_belief_store.py,211,16,error,"Return type, ""list[Unknown]"", is partially unknown (reportUnknownVariableType)"
/home/user3/Documents/SerinBot/Serin/serin/d1_3_state_core/d2_3_model_system/d3_2_system_connector.py,159,13,error,"Type of ""response"" is unknown (reportUnknownVariableType)"
/home/user3/Documents/SerinBot/Serin/serin/d1_3_state_core/d2_3_model_system/d3_2_system_connector.py,160,13,error,"Type of ""raw_text"" is partially unknown"
/home/user3/Documents/SerinBot/Serin/serin/d1_3_state_core/d2_3_model_system/d3_2_system_connector.py,160,24,error,"Type of ""choices"" is unknown (reportUnknownMemberType)"
/home/user3/Documents/SerinBot/Serin/serin/d1_3_state_core/d2_3_model_system/d3_2_system_connector.py,160,24,error,"Type of ""message"" is unknown (reportUnknownMemberType)"
/home/user3/Documents/SerinBot/Serin/serin/d1_3_state_core/d2_3_model_system/d3_2_system_connector.py,160,24,error,"Type of ""content"" is unknown (reportUnknownMemberType)"
/home/user3/Documents/SerinBot/Serin/serin/d1_3_state_core/d2_3_model_system/d3_2_system_connector.py,161,48,error,Argument type is partially unknown
/home/user3/Documents/SerinBot/Serin/serin/d1_3_state_core/d2_3_model_system/d3_2_system_connector.py,210,13,error,"Type of ""response"" is unknown (reportUnknownVariableType)"
/home/user3/Documents/SerinBot/Serin/serin/d1_3_state_core/d2_3_model_system/d3_2_system_connector.py,211,13,error,"Type of ""raw_text"" is unknown (reportUnknownVariableType)"
/home/user3/Documents/SerinBot/Serin/serin/d1_3_state_core/d2_3_model_system/d3_2_system_connector.py,211,24,error,"Type of ""choices"" is unknown (reportUnknownMemberType)"
/home/user3/Documents/SerinBot/Serin/serin/d1_3_state_core/d2_3_model_system/d3_2_system_connector.py,211,24,error,"Type of ""text"" is unknown (reportUnknownMemberType)"
/home/user3/Documents/SerinBot/Serin/serin/d1_3_state_core/d2_3_model_system/d3_2_system_connector.py,212,48,error,Argument type is unknown
/home/user3/Documents/SerinBot/Serin/serin/d1_3_state_core/d2_4_core_voice/d3_4_voice_tracker.py,226,16,error,"Return type, ""dict[Unknown, Unknown]"", is partially unknown (reportUnknownVariableType)"
/home/user3/Documents/SerinBot/Serin/serin/d1_3_state_core/d2_5_bm25_index.py,87,13,error,"Type of ""append"" is partially unknown"
/home/user3/Documents/SerinBot/Serin/serin/d1_3_state_core/d2_5_bm25_index.py,95,16,error,"Return type, ""list[Unknown]"", is partially unknown (reportUnknownVariableType)"
/home/user3/Documents/SerinBot/Serin/serin/d1_3_state_core/d2_5_memory_store.py,28,5,error,"""QDRANT_AVAILABLE"" is constant (because it is uppercase) and cannot be redefined (reportConstantRedefinition)"
/home/user3/Documents/SerinBot/Serin/serin/d1_3_state_core/d2_5_memory_store.py,36,5,error,"""EMBEDDING_AVAILABLE"" is constant (because it is uppercase) and cannot be redefined (reportConstantRedefinition)"
/home/user3/Documents/SerinBot/Serin/serin/d1_3_state_core/d2_5_memory_store.py,40,18,error,"Type of ""util"" is unknown (reportUnknownMemberType)"
/home/user3/Documents/SerinBot/Serin/serin/d1_3_state_core/d2_5_memory_store.py,40,18,error,"Type of ""find_spec"" is unknown (reportUnknownMemberType)"
/home/user3/Documents/SerinBot/Serin/serin/d1_3_state_core/d2_5_memory_store.py,40,28,error,"""util"" is not a known attribute of module ""importlib"" (reportAttributeAccessIssue)"
/home/user3/Documents/SerinBot/Serin/serin/d1_3_state_core/d2_5_memory_store.py,58,42,error,"""QdrantClient"" is possibly unbound (reportPossiblyUnboundVariable)"
/home/user3/Documents/SerinBot/Serin/serin/d1_3_state_core/d2_5_memory_store.py,77,40,error,"""SentenceTransformer"" is possibly unbound (reportPossiblyUnboundVariable)"
/home/user3/Documents/SerinBot/Serin/serin/d1_3_state_core/d2_5_memory_store.py,373,32,error,"""VectorParams"" is possibly unbound (reportPossiblyUnboundVariable)"
/home/user3/Documents/SerinBot/Serin/serin/d1_3_state_core/d2_5_memory_store.py,375,30,error,"""Distance"" is possibly unbound (reportPossiblyUnboundVariable)"
/home/user3/Documents/SerinBot/Serin/serin/d1_3_state_core/d2_5_message_context.py,30,5,error,"Type of ""response_plan"" is partially unknown"
/home/user3/Documents/SerinBot/Serin/serin/d1_3_state_core/d2_5_message_context.py,33,5,error,"Type of ""memories"" is partially unknown"
/home/user3/Documents/SerinBot/Serin/serin/d1_3_state_core/d2_5_message_context.py,34,5,error,"Type of ""facts"" is partially unknown"
/home/user3/Documents/SerinBot/Serin/serin/d1_3_state_core/d2_5_message_context.py,35,5,error,"Type of ""beliefs"" is partially unknown"
/home/user3/Documents/SerinBot/Serin/serin/d1_3_state_core/d2_5_message_context.py,36,5,error,"Type of ""evidence_memories"" is partially unknown"
/home/user3/Documents/SerinBot/Serin/serin/d1_3_state_core/d2_5_message_context.py,37,5,error,"Type of ""episode_memories"" is partially unknown"
/home/user3/Documents/SerinBot/Serin/serin/d1_3_state_core/d2_5_message_context.py,38,5,error,"Type of ""utterance_memories"" is partially unknown"
/home/user3/Documents/SerinBot/Serin/serin/d1_3_state_core/d2_5_message_context.py,39,5,error,"Type of ""recent_messages"" is partially unknown"
/home/user3/Documents/SerinBot/Serin/serin/d1_3_state_core/d2_5_message_context.py,40,5,error,"Type of ""user_profile"" is partially unknown"
/home/user3/Documents/SerinBot/Serin/serin/d1_3_state_core/d2_5_message_context.py,41,5,error,"Type of ""relationships"" is partially unknown"
/home/user3/Documents/SerinBot/Serin/serin/d1_3_state_core/d2_5_message_context.py,44,5,error,"Type of ""temporal_refs"" is partially unknown"
/home/user3/Documents/SerinBot/Serin/serin/d1_3_state_core/d2_5_message_context.py,51,5,error,"Type of ""built_messages"" is partially unknown"
/home/user3/Documents/SerinBot/Serin/serin/d1_3_state_core/d2_5_message_context.py,58,5,error,"Type of ""stage_timings"" is partially unknown"
/home/user3/Documents/SerinBot/Serin/serin/d1_3_state_core/d2_5_message_context.py,59,5,error,"Type of ""metadata"" is partially unknown"
/home/user3/Documents/SerinBot/Serin/serin/d1_3_state_core/d2_5_thinking_filter.py,126,13,error,"Type of ""extend"" is partially unknown"
/home/user3/Documents/SerinBot/Serin/serin/d1_3_state_core/d2_5_thinking_filter.py,133,37,error,Argument type is partially unknown
/home/user3/Documents/SerinBot/Serin/serin/d1_4_config_base/d2_1_base_config.py,102,22,error,"""ALLOWED_CHANNEL_IDS"" is constant (because it is uppercase) and cannot be redefined (reportConstantRedefinition)"
/home/user3/Documents/SerinBot/Serin/serin/d1_4_config_base/d2_1_base_config.py,156,22,error,"""ALLOWED_CHANNEL_IDS"" is constant (because it is uppercase) and cannot be redefined (reportConstantRedefinition)"
/home/user3/Documents/SerinBot/Serin/serin/d1_4_config_base/d2_1_base_config.py,156,49,error,Argument type is unknown
/home/user3/Documents/SerinBot/Serin/serin/d1_4_config_base/d2_1_base_config.py,156,56,error,"Type of ""x"" is unknown (reportUnknownVariableType)"
/home/user3/Documents/SerinBot/Serin/serin/d1_4_config_base/d2_1_base_config.py,156,96,error,Argument type is unknown
/home/user3/Documents/SerinBot/Serin/serin/d1_4_config_base/d2_2_debug_logger.py,64,17,error,"Variable ""user_id"" is not accessed (reportUnusedVariable)"
/home/user3/Documents/SerinBot/Serin/serin/d1_5_ops_tooling/d2_1_control_panel/d3_1_panel_panels/d4_1_panel_control.py,19,15,error,"Function ""list_tts_voices"" is not accessed (reportUnusedFunction)"
/home/user3/Documents/SerinBot/Serin/serin/d1_5_ops_tooling/d2_1_control_panel/d3_1_panel_panels/d4_1_panel_control.py,43,15,error,"Function ""get_current_tts"" is not accessed (reportUnusedFunction)"
/home/user3/Documents/SerinBot/Serin/serin/d1_5_ops_tooling/d2_1_control_panel/d3_1_panel_panels/d4_1_panel_control.py,66,15,error,"Function ""load_tts_voice"" is not accessed (reportUnusedFunction)"
/home/user3/Documents/SerinBot/Serin/serin/d1_5_ops_tooling/d2_1_control_panel/d3_1_panel_panels/d4_1_panel_control.py,84,15,error,"Function ""clear_tts_voice"" is not accessed (reportUnusedFunction)"
/home/user3/Documents/SerinBot/Serin/serin/d1_5_ops_tooling/d2_1_control_panel/d3_1_panel_panels/d4_1_panel_control.py,101,15,error,"Function ""test_tts_voice"" is not accessed (reportUnusedFunction)"
/home/user3/Documents/SerinBot/Serin/serin/d1_5_ops_tooling/d2_1_control_panel/d3_1_panel_panels/d4_1_panel_control.py,111,23,error,"""object"" is not awaitable"
/home/user3/Documents/SerinBot/Serin/serin/d1_5_ops_tooling/d2_1_control_panel/d3_1_panel_panels/d4_1_panel_control.py,114,23,error,"""object"" is not awaitable"
/home/user3/Documents/SerinBot/Serin/serin/d1_5_ops_tooling/d2_1_control_panel/d3_1_panel_panels/d4_1_panel_control.py,122,15,error,"Function ""update_tts_settings"" is not accessed (reportUnusedFunction)"
/home/user3/Documents/SerinBot/Serin/serin/d1_5_ops_tooling/d2_1_control_panel/d3_1_panel_panels/d4_1_panel_control.py,143,15,error,"Function ""get_audio_settings"" is not accessed (reportUnusedFunction)"
/home/user3/Documents/SerinBot/Serin/serin/d1_5_ops_tooling/d2_1_control_panel/d3_1_panel_panels/d4_1_panel_control.py,171,15,error,"Function ""update_audio_settings"" is not accessed (reportUnusedFunction)"
/home/user3/Documents/SerinBot/Serin/serin/d1_5_ops_tooling/d2_1_control_panel/d3_1_panel_panels/d4_1_panel_control.py,207,15,error,"Function ""get_audio_stats"" is not accessed (reportUnusedFunction)"
/home/user3/Documents/SerinBot/Serin/serin/d1_5_ops_tooling/d2_1_control_panel/d3_1_panel_panels/d4_1_panel_control.py,230,15,error,"Function ""get_active_speakers"" is not accessed (reportUnusedFunction)"
/home/user3/Documents/SerinBot/Serin/serin/d1_5_ops_tooling/d2_1_control_panel/d3_1_panel_panels/d4_1_panel_control.py,252,15,error,"Function ""list_voice_profiles"" is not accessed (reportUnusedFunction)"
/home/user3/Documents/SerinBot/Serin/serin/d1_5_ops_tooling/d2_1_control_panel/d3_1_panel_panels/d4_1_panel_control.py,277,15,error,"Function ""create_voice_profile"" is not accessed (reportUnusedFunction)"
/home/user3/Documents/SerinBot/Serin/serin/d1_5_ops_tooling/d2_1_control_panel/d3_1_panel_panels/d4_1_panel_control.py,300,15,error,"Function ""set_active_voice_profile"" is not accessed (reportUnusedFunction)"
/home/user3/Documents/SerinBot/Serin/serin/d1_5_ops_tooling/d2_1_control_panel/d3_1_panel_panels/d4_1_panel_control.py,315,15,error,"Function ""delete_voice_profile"" is not accessed (reportUnusedFunction)"
/home/user3/Documents/SerinBot/Serin/serin/d1_5_ops_tooling/d2_1_control_panel/d3_1_panel_panels/d4_1_panel_control.py,334,15,error,"Function ""get_background_queue"" is not accessed (reportUnusedFunction)"
/home/user3/Documents/SerinBot/Serin/serin/d1_5_ops_tooling/d2_1_control_panel/d3_1_panel_panels/d4_1_panel_control.py,351,15,error,"Function ""clear_background_queue"" is not accessed (reportUnusedFunction)"
/home/user3/Documents/SerinBot/Serin/serin/d1_5_ops_tooling/d2_1_control_panel/d3_1_panel_panels/d4_1_panel_control.py,364,35,error,Argument type is partially unknown
/home/user3/Documents/SerinBot/Serin/serin/d1_5_ops_tooling/d2_1_control_panel/d3_1_panel_panels/d4_1_panel_control.py,383,15,error,"Function ""get_voice_behavior_settings"" is not accessed (reportUnusedFunction)"
/home/user3/Documents/SerinBot/Serin/serin/d1_5_ops_tooling/d2_1_control_panel/d3_1_panel_panels/d4_1_panel_control.py,404,15,error,"Function ""update_voice_behavior_settings"" is not accessed (reportUnusedFunction)"
/home/user3/Documents/SerinBot/Serin/serin/d1_5_ops_tooling/d2_1_control_panel/d3_1_panel_panels/d4_1_panel_control.py,419,15,error,"Function ""get_voice_behavior_stats"" is not accessed (reportUnusedFunction)"
/home/user3/Documents/SerinBot/Serin/serin/d1_5_ops_tooling/d2_1_control_panel/d3_1_panel_panels/d4_2_voice_routes/d5_1_voice_channels.py,21,15,error,"Function ""get_voice_channels"" is not accessed (reportUnusedFunction)"
/home/user3/Documents/SerinBot/Serin/serin/d1_5_ops_tooling/d2_1_control_panel/d3_1_panel_panels/d4_2_voice_routes/d5_1_voice_channels.py,29,21,error,"Type of ""append"" is partially unknown"
/home/user3/Documents/SerinBot/Serin/serin/d1_5_ops_tooling/d2_1_control_panel/d3_1_panel_panels/d4_2_voice_routes/d5_1_voice_channels.py,36,20,error,"Return type, ""dict[str, list[Unknown]]"", is partially unknown (reportUnknownVariableType)"
/home/user3/Documents/SerinBot/Serin/serin/d1_5_ops_tooling/d2_1_control_panel/d3_1_panel_panels/d4_2_voice_routes/d5_1_voice_channels.py,41,15,error,"Function ""join_voice_channel"" is not accessed (reportUnusedFunction)"
/home/user3/Documents/SerinBot/Serin/serin/d1_5_ops_tooling/d2_1_control_panel/d3_1_panel_panels/d4_2_voice_routes/d5_1_voice_channels.py,60,15,error,"Function ""leave_voice_channel"" is not accessed (reportUnusedFunction)"
/home/user3/Documents/SerinBot/Serin/serin/d1_5_ops_tooling/d2_1_control_panel/d3_1_panel_panels/d4_2_voice_routes/d5_1_voice_channels.py,73,15,error,"Function ""get_voice_status"" is not accessed (reportUnusedFunction)"
/home/user3/Documents/SerinBot/Serin/serin/d1_5_ops_tooling/d2_1_control_panel/d3_1_panel_panels/d4_2_voice_routes/d5_2_voice_tts.py,17,15,error,"Function ""get_tts_status"" is not accessed (reportUnusedFunction)"
/home/user3/Documents/SerinBot/Serin/serin/d1_5_ops_tooling/d2_1_control_panel/d3_1_panel_panels/d4_2_voice_routes/d5_2_voice_tts.py,30,15,error,"Function ""test_tts"" is not accessed (reportUnusedFunction)"
/home/user3/Documents/SerinBot/Serin/serin/d1_5_ops_tooling/d2_1_control_panel/d3_1_panel_panels/d4_2_voice_routes/d5_2_voice_tts.py,36,23,error,"""object"" is not awaitable"
/home/user3/Documents/SerinBot/Serin/serin/d1_5_ops_tooling/d2_1_control_panel/d3_1_panel_panels/d4_2_voice_routes/d5_2_voice_tts.py,43,15,error,"Function ""list_tts_voices"" is not accessed (reportUnusedFunction)"
/home/user3/Documents/SerinBot/Serin/serin/d1_5_ops_tooling/d2_1_control_panel/d3_1_panel_panels/d4_2_voice_routes/d5_2_voice_tts.py,57,15,error,"Function ""load_voice"" is not accessed (reportUnusedFunction)"
/home/user3/Documents/SerinBot/Serin/serin/d1_5_ops_tooling/d2_1_control_panel/d3_1_panel_panels/d4_2_voice_routes/d5_3_voice_memory.py,17,15,error,"Function ""get_voice_memory"" is not accessed (reportUnusedFunction)"
/home/user3/Documents/SerinBot/Serin/serin/d1_5_ops_tooling/d2_1_control_panel/d3_1_panel_panels/d4_2_voice_routes/d5_3_voice_memory.py,34,15,error,"Function ""get_voice_memory_stats"" is not accessed (reportUnusedFunction)"
/home/user3/Documents/SerinBot/Serin/serin/d1_5_ops_tooling/d2_1_control_panel/d3_1_panel_panels/d4_2_voice_routes/d5_4_voice_brain.py,24,15,error,"Function ""get_brain_state"" is not accessed (reportUnusedFunction)"
/home/user3/Documents/SerinBot/Serin/serin/d1_5_ops_tooling/d2_1_control_panel/d3_1_panel_panels/d4_2_voice_routes/d5_4_voice_brain.py,43,15,error,"Function ""emergency_stop"" is not accessed (reportUnusedFunction)"
/home/user3/Documents/SerinBot/Serin/serin/d1_5_ops_tooling/d2_1_control_panel/d3_1_panel_panels/d4_2_voice_routes/d5_4_voice_brain.py,47,15,error,"Function ""get_system_prompt"" is not accessed (reportUnusedFunction)"
/home/user3/Documents/SerinBot/Serin/serin/d1_5_ops_tooling/d2_1_control_panel/d3_1_panel_panels/d4_2_voice_routes/d5_4_voice_brain.py,54,15,error,"Function ""update_system_prompt"" is not accessed (reportUnusedFunction)"
/home/user3/Documents/SerinBot/Serin/serin/d1_5_ops_tooling/d2_1_control_panel/d3_1_panel_panels/d4_2_voice_routes/d5_4_voice_brain.py,65,15,error,"Function ""get_settings"" is not accessed (reportUnusedFunction)"
/home/user3/Documents/SerinBot/Serin/serin/d1_5_ops_tooling/d2_1_control_panel/d3_1_panel_panels/d4_2_voice_routes/d5_4_voice_brain.py,72,15,error,"Function ""update_settings"" is not accessed (reportUnusedFunction)"
/home/user3/Documents/SerinBot/Serin/serin/d1_5_ops_tooling/d2_1_control_panel/d3_1_panel_panels/d4_2_voice_routes/d5_4_voice_brain.py,82,15,error,"Function ""sever_context"" is not accessed (reportUnusedFunction)"
/home/user3/Documents/SerinBot/Serin/serin/d1_5_ops_tooling/d2_1_control_panel/d3_1_panel_panels/d4_2_voice_routes/d5_5_voice_ops.py,17,1,error,"Type of ""_background_tasks"" is partially unknown"
/home/user3/Documents/SerinBot/Serin/serin/d1_5_ops_tooling/d2_1_control_panel/d3_1_panel_panels/d4_2_voice_routes/d5_5_voice_ops.py,17,24,error,"Expected type arguments for generic class ""Task"" (reportMissingTypeArgument)"
/home/user3/Documents/SerinBot/Serin/serin/d1_5_ops_tooling/d2_1_control_panel/d3_1_panel_panels/d4_2_voice_routes/d5_5_voice_ops.py,23,15,error,"Function ""trigger_manual_sync"" is not accessed (reportUnusedFunction)"
/home/user3/Documents/SerinBot/Serin/serin/d1_5_ops_tooling/d2_1_control_panel/d3_1_panel_panels/d4_2_voice_routes/d5_5_voice_ops.py,29,13,error,"Type of ""add"" is partially unknown"
/home/user3/Documents/SerinBot/Serin/serin/d1_5_ops_tooling/d2_1_control_panel/d3_1_panel_panels/d4_2_voice_routes/d5_5_voice_ops.py,36,15,error,"Function ""get_recent_logs"" is not accessed (reportUnusedFunction)"
/home/user3/Documents/SerinBot/Serin/serin/d1_5_ops_tooling/d2_1_control_panel/d3_1_panel_panels/d4_2_voice_routes/d5_5_voice_ops.py,49,15,error,"Function ""restart_bot"" is not accessed (reportUnusedFunction)"
/home/user3/Documents/SerinBot/Serin/serin/d1_5_ops_tooling/d2_1_control_panel/d3_1_panel_panels/d4_2_voice_routes/d5_5_voice_ops.py,59,15,error,"Function ""get_audio_settings"" is not accessed (reportUnusedFunction)"
/home/user3/Documents/SerinBot/Serin/serin/d1_5_ops_tooling/d2_1_control_panel/d3_1_panel_panels/d4_2_voice_routes/d5_5_voice_ops.py,71,15,error,"Function ""update_audio_settings"" is not accessed (reportUnusedFunction)"
/home/user3/Documents/SerinBot/Serin/serin/d1_5_ops_tooling/d2_1_control_panel/d3_1_panel_panels/d4_2_voice_routes/d5_5_voice_ops.py,88,15,error,"Function ""get_active_speakers"" is not accessed (reportUnusedFunction)"
/home/user3/Documents/SerinBot/Serin/serin/d1_5_ops_tooling/d2_1_control_panel/d3_2_panel_server/d4_10_test_routes.py,16,15,error,"Function ""run_tests"" is not accessed (reportUnusedFunction)"
/home/user3/Documents/SerinBot/Serin/serin/d1_5_ops_tooling/d2_1_control_panel/d3_2_panel_server/d4_10_test_routes.py,41,15,error,"Function ""list_test_files"" is not accessed (reportUnusedFunction)"
/home/user3/Documents/SerinBot/Serin/serin/d1_5_ops_tooling/d2_1_control_panel/d3_2_panel_server/d4_10_test_routes.py,51,25,error,"Type of ""append"" is partially unknown"
/home/user3/Documents/SerinBot/Serin/serin/d1_5_ops_tooling/d2_1_control_panel/d3_2_panel_server/d4_10_test_routes.py,52,20,error,"Return type, ""dict[str, list[Unknown]]"", is partially unknown (reportUnknownVariableType)"
/home/user3/Documents/SerinBot/Serin/serin/d1_5_ops_tooling/d2_1_control_panel/d3_2_panel_server/d4_10_test_routes.py,52,42,error,Argument type is partially unknown
/home/user3/Documents/SerinBot/Serin/serin/d1_5_ops_tooling/d2_1_control_panel/d3_2_panel_server/d4_10_test_routes.py,57,15,error,"Function ""run_single_test"" is not accessed (reportUnusedFunction)"
/home/user3/Documents/SerinBot/Serin/serin/d1_5_ops_tooling/d2_1_control_panel/d3_2_panel_server/d4_11_debug_routes.py,12,5,error,"""_get_current_stats"" is private and used outside of the module in which it is declared (reportPrivateUsage)"
/home/user3/Documents/SerinBot/Serin/serin/d1_5_ops_tooling/d2_1_control_panel/d3_2_panel_server/d4_11_debug_routes.py,67,15,error,"Function ""get_prompt_history"" is not accessed (reportUnusedFunction)"
/home/user3/Documents/SerinBot/Serin/serin/d1_5_ops_tooling/d2_1_control_panel/d3_2_panel_server/d4_11_debug_routes.py,77,15,error,"Function ""get_prompt_detail"" is not accessed (reportUnusedFunction)"
/home/user3/Documents/SerinBot/Serin/serin/d1_5_ops_tooling/d2_1_control_panel/d3_2_panel_server/d4_11_debug_routes.py,87,15,error,"Function ""get_conversation"" is not accessed (reportUnusedFunction)"
/home/user3/Documents/SerinBot/Serin/serin/d1_5_ops_tooling/d2_1_control_panel/d3_2_panel_server/d4_11_debug_routes.py,112,15,error,"Function ""get_personality_history"" is not accessed (reportUnusedFunction)"
/home/user3/Documents/SerinBot/Serin/serin/d1_5_ops_tooling/d2_1_control_panel/d3_2_panel_server/d4_11_debug_routes.py,131,15,error,"Function ""get_all_relationships"" is not accessed (reportUnusedFunction)"
/home/user3/Documents/SerinBot/Serin/serin/d1_5_ops_tooling/d2_1_control_panel/d3_2_panel_server/d4_11_debug_routes.py,146,25,error,"Type of ""rel"" is partially unknown"
/home/user3/Documents/SerinBot/Serin/serin/d1_5_ops_tooling/d2_1_control_panel/d3_2_panel_server/d4_11_debug_routes.py,147,21,error,"Type of ""rel"" is partially unknown"
/home/user3/Documents/SerinBot/Serin/serin/d1_5_ops_tooling/d2_1_control_panel/d3_2_panel_server/d4_11_debug_routes.py,154,37,error,"Type of ""get"" is partially unknown"
/home/user3/Documents/SerinBot/Serin/serin/d1_5_ops_tooling/d2_1_control_panel/d3_2_panel_server/d4_11_debug_routes.py,155,41,error,Argument type is partially unknown
/home/user3/Documents/SerinBot/Serin/serin/d1_5_ops_tooling/d2_1_control_panel/d3_2_panel_server/d4_11_debug_routes.py,155,41,error,"Type of ""get"" is partially unknown"
/home/user3/Documents/SerinBot/Serin/serin/d1_5_ops_tooling/d2_1_control_panel/d3_2_panel_server/d4_11_debug_routes.py,157,41,error,"Type of ""get"" is partially unknown"
/home/user3/Documents/SerinBot/Serin/serin/d1_5_ops_tooling/d2_1_control_panel/d3_2_panel_server/d4_11_debug_routes.py,158,51,error,Argument type is partially unknown
/home/user3/Documents/SerinBot/Serin/serin/d1_5_ops_tooling/d2_1_control_panel/d3_2_panel_server/d4_11_debug_routes.py,158,51,error,"Type of ""get"" is partially unknown"
/home/user3/Documents/SerinBot/Serin/serin/d1_5_ops_tooling/d2_1_control_panel/d3_2_panel_server/d4_11_debug_routes.py,168,15,error,"Function ""get_memory_timeline"" is not accessed (reportUnusedFunction)"
/home/user3/Documents/SerinBot/Serin/serin/d1_5_ops_tooling/d2_1_control_panel/d3_2_panel_server/d4_11_debug_routes.py,203,15,error,"Function ""get_alert_rules"" is not accessed (reportUnusedFunction)"
/home/user3/Documents/SerinBot/Serin/serin/d1_5_ops_tooling/d2_1_control_panel/d3_2_panel_server/d4_11_debug_routes.py,207,15,error,"Function ""add_alert_rule"" is not accessed (reportUnusedFunction)"
/home/user3/Documents/SerinBot/Serin/serin/d1_5_ops_tooling/d2_1_control_panel/d3_2_panel_server/d4_11_debug_routes.py,224,15,error,"Function ""delete_alert_rule"" is not accessed (reportUnusedFunction)"
/home/user3/Documents/SerinBot/Serin/serin/d1_5_ops_tooling/d2_1_control_panel/d3_2_panel_server/d4_11_debug_routes.py,229,15,error,"Function ""get_alert_history"" is not accessed (reportUnusedFunction)"
/home/user3/Documents/SerinBot/Serin/serin/d1_5_ops_tooling/d2_1_control_panel/d3_2_panel_server/d4_11_debug_routes.py,233,15,error,"Function ""check_alerts"" is not accessed (reportUnusedFunction)"
/home/user3/Documents/SerinBot/Serin/serin/d1_5_ops_tooling/d2_1_control_panel/d3_2_panel_server/d4_11_debug_routes.py,274,15,error,"Function ""generate_health_report"" is not accessed (reportUnusedFunction)"
/home/user3/Documents/SerinBot/Serin/serin/d1_5_ops_tooling/d2_1_control_panel/d3_2_panel_server/d4_11_debug_routes.py,331,18,error,"Import ""serin.d1_4_config_base.config"" could not be resolved (reportMissingImports)"
/home/user3/Documents/SerinBot/Serin/serin/d1_5_ops_tooling/d2_1_control_panel/d3_2_panel_server/d4_11_debug_routes.py,331,55,error,"Type of ""config"" is unknown (reportUnknownVariableType)"
/home/user3/Documents/SerinBot/Serin/serin/d1_5_ops_tooling/d2_1_control_panel/d3_2_panel_server/d4_11_debug_routes.py,334,34,error,Argument type is unknown
/home/user3/Documents/SerinBot/Serin/serin/d1_5_ops_tooling/d2_1_control_panel/d3_2_panel_server/d4_11_debug_routes.py,335,42,error,Argument type is unknown
/home/user3/Documents/SerinBot/Serin/serin/d1_5_ops_tooling/d2_1_control_panel/d3_2_panel_server/d4_11_debug_routes.py,336,40,error,Argument type is unknown
/home/user3/Documents/SerinBot/Serin/serin/d1_5_ops_tooling/d2_1_control_panel/d3_2_panel_server/d4_11_debug_routes.py,337,34,error,Argument type is unknown
/home/user3/Documents/SerinBot/Serin/serin/d1_5_ops_tooling/d2_1_control_panel/d3_2_panel_server/d4_11_debug_routes.py,338,38,error,Argument type is unknown
/home/user3/Documents/SerinBot/Serin/serin/d1_5_ops_tooling/d2_1_control_panel/d3_2_panel_server/d4_1_state_access.py,24,21,error,Argument type is unknown
/home/user3/Documents/SerinBot/Serin/serin/d1_5_ops_tooling/d2_1_control_panel/d3_2_panel_server/d4_1_state_access.py,24,59,error,"Type of ""k"" is unknown (reportUnknownVariableType)"
/home/user3/Documents/SerinBot/Serin/serin/d1_5_ops_tooling/d2_1_control_panel/d3_2_panel_server/d4_1_state_access.py,24,62,error,"Type of ""v"" is unknown (reportUnknownVariableType)"
/home/user3/Documents/SerinBot/Serin/serin/d1_5_ops_tooling/d2_1_control_panel/d3_2_panel_server/d4_1_state_access.py,26,54,error,"Type of ""item"" is unknown (reportUnknownVariableType)"
/home/user3/Documents/SerinBot/Serin/serin/d1_5_ops_tooling/d2_1_control_panel/d3_2_panel_server/d4_1_state_access.py,28,54,error,"Type of ""item"" is unknown (reportUnknownVariableType)"
/home/user3/Documents/SerinBot/Serin/serin/d1_5_ops_tooling/d2_1_control_panel/d3_2_panel_server/d4_3_server_state.py,29,13,error,"Type of ""append"" is partially unknown"
/home/user3/Documents/SerinBot/Serin/serin/d1_5_ops_tooling/d2_1_control_panel/d3_2_panel_server/d4_3_server_state.py,36,12,error,"Return type, ""dict[str, Any | dict[str, str | Any] | list[Unknown] | None]"", is partially unknown (reportUnknownVariableType)"
/home/user3/Documents/SerinBot/Serin/serin/d1_5_ops_tooling/d2_1_control_panel/d3_2_panel_server/d4_4_server_status.py,42,13,error,"Type of ""append"" is partially unknown"
/home/user3/Documents/SerinBot/Serin/serin/d1_5_ops_tooling/d2_1_control_panel/d3_2_panel_server/d4_4_server_status.py,50,12,error,"Return type, ""dict[str, Any | dict[str, str | Any] | list[Unknown] | None]"", is partially unknown (reportUnknownVariableType)"
/home/user3/Documents/SerinBot/Serin/serin/d1_5_ops_tooling/d2_1_control_panel/d3_2_panel_server/d4_5_server_websocket.py,11,5,error,"""_ws_lock"" is private and used outside of the module in which it is declared (reportPrivateUsage)"
/home/user3/Documents/SerinBot/Serin/serin/d1_5_ops_tooling/d2_1_control_panel/d3_2_panel_server/d4_6_memory_routes.py,41,15,error,"Function ""search_memories_advanced"" is not accessed (reportUnusedFunction)"
/home/user3/Documents/SerinBot/Serin/serin/d1_5_ops_tooling/d2_1_control_panel/d3_2_panel_server/d4_6_memory_routes.py,111,15,error,"Function ""search_memories_simple"" is not accessed (reportUnusedFunction)"
/home/user3/Documents/SerinBot/Serin/serin/d1_5_ops_tooling/d2_1_control_panel/d3_2_panel_server/d4_6_memory_routes.py,122,15,error,"Function ""search_facts"" is not accessed (reportUnusedFunction)"
/home/user3/Documents/SerinBot/Serin/serin/d1_5_ops_tooling/d2_1_control_panel/d3_2_panel_server/d4_6_memory_routes.py,127,13,error,"Type of ""raw"" is partially unknown"
/home/user3/Documents/SerinBot/Serin/serin/d1_5_ops_tooling/d2_1_control_panel/d3_2_panel_server/d4_6_memory_routes.py,129,17,error,"Type of ""f"" is partially unknown"
/home/user3/Documents/SerinBot/Serin/serin/d1_5_ops_tooling/d2_1_control_panel/d3_2_panel_server/d4_6_memory_routes.py,130,37,error,"Type of ""get"" is partially unknown"
/home/user3/Documents/SerinBot/Serin/serin/d1_5_ops_tooling/d2_1_control_panel/d3_2_panel_server/d4_6_memory_routes.py,132,20,error,"Type of ""get"" is partially unknown"
/home/user3/Documents/SerinBot/Serin/serin/d1_5_ops_tooling/d2_1_control_panel/d3_2_panel_server/d4_6_memory_routes.py,134,44,error,"Type of ""get"" is partially unknown"
/home/user3/Documents/SerinBot/Serin/serin/d1_5_ops_tooling/d2_1_control_panel/d3_2_panel_server/d4_6_memory_routes.py,136,17,error,"Type of ""append"" is partially unknown"
/home/user3/Documents/SerinBot/Serin/serin/d1_5_ops_tooling/d2_1_control_panel/d3_2_panel_server/d4_6_memory_routes.py,137,20,error,"Return type, ""dict[str, Any | int | list[Unknown]]"", is partially unknown (reportUnknownVariableType)"
/home/user3/Documents/SerinBot/Serin/serin/d1_5_ops_tooling/d2_1_control_panel/d3_2_panel_server/d4_6_memory_routes.py,137,69,error,Argument type is partially unknown
/home/user3/Documents/SerinBot/Serin/serin/d1_5_ops_tooling/d2_1_control_panel/d3_2_panel_server/d4_6_memory_routes.py,137,99,error,Argument type is partially unknown
/home/user3/Documents/SerinBot/Serin/serin/d1_5_ops_tooling/d2_1_control_panel/d3_2_panel_server/d4_6_memory_routes.py,137,103,error,"Type of ""get"" is unknown (reportUnknownMemberType)"
/home/user3/Documents/SerinBot/Serin/serin/d1_5_ops_tooling/d2_1_control_panel/d3_2_panel_server/d4_6_memory_routes.py,137,103,error,Argument type is partially unknown
/home/user3/Documents/SerinBot/Serin/serin/d1_5_ops_tooling/d2_1_control_panel/d3_2_panel_server/d4_6_memory_routes.py,137,129,error,"Type of ""f"" is unknown (reportUnknownVariableType)"
/home/user3/Documents/SerinBot/Serin/serin/d1_5_ops_tooling/d2_1_control_panel/d3_2_panel_server/d4_6_memory_routes.py,137,146,error,"Type of ""get"" is unknown (reportUnknownMemberType)"
/home/user3/Documents/SerinBot/Serin/serin/d1_5_ops_tooling/d2_1_control_panel/d3_2_panel_server/d4_6_memory_routes.py,142,15,error,"Function ""get_fact_stats"" is not accessed (reportUnusedFunction)"
/home/user3/Documents/SerinBot/Serin/serin/d1_5_ops_tooling/d2_1_control_panel/d3_2_panel_server/d4_6_memory_routes.py,159,15,error,"Function ""search_beliefs"" is not accessed (reportUnusedFunction)"
/home/user3/Documents/SerinBot/Serin/serin/d1_5_ops_tooling/d2_1_control_panel/d3_2_panel_server/d4_6_memory_routes.py,164,13,error,"Type of ""raw"" is partially unknown"
/home/user3/Documents/SerinBot/Serin/serin/d1_5_ops_tooling/d2_1_control_panel/d3_2_panel_server/d4_6_memory_routes.py,166,17,error,"Type of ""b"" is partially unknown"
/home/user3/Documents/SerinBot/Serin/serin/d1_5_ops_tooling/d2_1_control_panel/d3_2_panel_server/d4_6_memory_routes.py,167,34,error,"Type of ""get"" is partially unknown"
/home/user3/Documents/SerinBot/Serin/serin/d1_5_ops_tooling/d2_1_control_panel/d3_2_panel_server/d4_6_memory_routes.py,169,20,error,"Type of ""get"" is partially unknown"
/home/user3/Documents/SerinBot/Serin/serin/d1_5_ops_tooling/d2_1_control_panel/d3_2_panel_server/d4_6_memory_routes.py,171,17,error,"Type of ""append"" is partially unknown"
/home/user3/Documents/SerinBot/Serin/serin/d1_5_ops_tooling/d2_1_control_panel/d3_2_panel_server/d4_6_memory_routes.py,174,30,error,Argument type is partially unknown
/home/user3/Documents/SerinBot/Serin/serin/d1_5_ops_tooling/d2_1_control_panel/d3_2_panel_server/d4_6_memory_routes.py,182,15,error,"Function ""get_belief_stats"" is not accessed (reportUnusedFunction)"
/home/user3/Documents/SerinBot/Serin/serin/d1_5_ops_tooling/d2_1_control_panel/d3_2_panel_server/d4_6_memory_routes.py,197,15,error,"Function ""get_memory_distribution"" is not accessed (reportUnusedFunction)"
/home/user3/Documents/SerinBot/Serin/serin/d1_5_ops_tooling/d2_1_control_panel/d3_2_panel_server/d4_6_memory_routes.py,237,15,error,"Function ""add_memory_manual"" is not accessed (reportUnusedFunction)"
/home/user3/Documents/SerinBot/Serin/serin/d1_5_ops_tooling/d2_1_control_panel/d3_2_panel_server/d4_6_memory_routes.py,251,15,error,"Function ""cleanup_memories"" is not accessed (reportUnusedFunction)"
/home/user3/Documents/SerinBot/Serin/serin/d1_5_ops_tooling/d2_1_control_panel/d3_2_panel_server/d4_6_memory_routes.py,264,15,error,"Function ""get_all_users"" is not accessed (reportUnusedFunction)"
/home/user3/Documents/SerinBot/Serin/serin/d1_5_ops_tooling/d2_1_control_panel/d3_2_panel_server/d4_6_memory_routes.py,277,15,error,"Function ""get_user_profile"" is not accessed (reportUnusedFunction)"
/home/user3/Documents/SerinBot/Serin/serin/d1_5_ops_tooling/d2_1_control_panel/d3_2_panel_server/d4_7_personality_routes.py,14,15,error,"Function ""get_personality_state"" is not accessed (reportUnusedFunction)"
/home/user3/Documents/SerinBot/Serin/serin/d1_5_ops_tooling/d2_1_control_panel/d3_2_panel_server/d4_7_personality_routes.py,37,15,error,"Function ""update_mood"" is not accessed (reportUnusedFunction)"
/home/user3/Documents/SerinBot/Serin/serin/d1_5_ops_tooling/d2_1_control_panel/d3_2_panel_server/d4_7_personality_routes.py,48,17,error,"Type of ""append"" is partially unknown"
/home/user3/Documents/SerinBot/Serin/serin/d1_5_ops_tooling/d2_1_control_panel/d3_2_panel_server/d4_7_personality_routes.py,51,17,error,"Type of ""append"" is partially unknown"
/home/user3/Documents/SerinBot/Serin/serin/d1_5_ops_tooling/d2_1_control_panel/d3_2_panel_server/d4_7_personality_routes.py,54,17,error,"Type of ""append"" is partially unknown"
/home/user3/Documents/SerinBot/Serin/serin/d1_5_ops_tooling/d2_1_control_panel/d3_2_panel_server/d4_7_personality_routes.py,57,17,error,"Type of ""append"" is partially unknown"
/home/user3/Documents/SerinBot/Serin/serin/d1_5_ops_tooling/d2_1_control_panel/d3_2_panel_server/d4_7_personality_routes.py,58,62,error,Argument type is partially unknown
/home/user3/Documents/SerinBot/Serin/serin/d1_5_ops_tooling/d2_1_control_panel/d3_2_panel_server/d4_7_personality_routes.py,59,20,error,"Return type, ""dict[str, bool | list[Unknown]]"", is partially unknown (reportUnknownVariableType)"
/home/user3/Documents/SerinBot/Serin/serin/d1_5_ops_tooling/d2_1_control_panel/d3_2_panel_server/d4_7_personality_routes.py,64,15,error,"Function ""get_conversation_analysis"" is not accessed (reportUnusedFunction)"
/home/user3/Documents/SerinBot/Serin/serin/d1_5_ops_tooling/d2_1_control_panel/d3_2_panel_server/d4_7_personality_routes.py,79,15,error,"Function ""get_topic_fatigue"" is not accessed (reportUnusedFunction)"
/home/user3/Documents/SerinBot/Serin/serin/d1_5_ops_tooling/d2_1_control_panel/d3_2_panel_server/d4_7_personality_routes.py,92,15,error,"Function ""get_brain_state"" is not accessed (reportUnusedFunction)"
/home/user3/Documents/SerinBot/Serin/serin/d1_5_ops_tooling/d2_1_control_panel/d3_2_panel_server/d4_7_personality_routes.py,111,15,error,"Function ""emergency_stop"" is not accessed (reportUnusedFunction)"
/home/user3/Documents/SerinBot/Serin/serin/d1_5_ops_tooling/d2_1_control_panel/d3_2_panel_server/d4_7_personality_routes.py,115,15,error,"Function ""get_system_prompt"" is not accessed (reportUnusedFunction)"
/home/user3/Documents/SerinBot/Serin/serin/d1_5_ops_tooling/d2_1_control_panel/d3_2_panel_server/d4_7_personality_routes.py,122,15,error,"Function ""update_system_prompt"" is not accessed (reportUnusedFunction)"
/home/user3/Documents/SerinBot/Serin/serin/d1_5_ops_tooling/d2_1_control_panel/d3_2_panel_server/d4_7_personality_routes.py,133,15,error,"Function ""sever_context"" is not accessed (reportUnusedFunction)"
/home/user3/Documents/SerinBot/Serin/serin/d1_5_ops_tooling/d2_1_control_panel/d3_2_panel_server/d4_8_ops_routes.py,18,15,error,"Function ""trigger_manual_sync"" is not accessed (reportUnusedFunction)"
/home/user3/Documents/SerinBot/Serin/serin/d1_5_ops_tooling/d2_1_control_panel/d3_2_panel_server/d4_8_ops_routes.py,31,15,error,"Function ""get_crawler_status"" is not accessed (reportUnusedFunction)"
/home/user3/Documents/SerinBot/Serin/serin/d1_5_ops_tooling/d2_1_control_panel/d3_2_panel_server/d4_8_ops_routes.py,41,15,error,"Function ""get_background_queue"" is not accessed (reportUnusedFunction)"
/home/user3/Documents/SerinBot/Serin/serin/d1_5_ops_tooling/d2_1_control_panel/d3_2_panel_server/d4_8_ops_routes.py,48,15,error,"Function ""clear_background_queue"" is not accessed (reportUnusedFunction)"
/home/user3/Documents/SerinBot/Serin/serin/d1_5_ops_tooling/d2_1_control_panel/d3_2_panel_server/d4_8_ops_routes.py,56,31,error,Argument type is partially unknown
/home/user3/Documents/SerinBot/Serin/serin/d1_5_ops_tooling/d2_1_control_panel/d3_2_panel_server/d4_8_ops_routes.py,70,15,error,"Function ""get_recent_logs"" is not accessed (reportUnusedFunction)"
/home/user3/Documents/SerinBot/Serin/serin/d1_5_ops_tooling/d2_1_control_panel/d3_2_panel_server/d4_8_ops_routes.py,83,15,error,"Function ""get_db_health"" is not accessed (reportUnusedFunction)"
/home/user3/Documents/SerinBot/Serin/serin/d1_5_ops_tooling/d2_1_control_panel/d3_2_panel_server/d4_8_ops_routes.py,104,15,error,"Function ""restart_bot"" is not accessed (reportUnusedFunction)"
/home/user3/Documents/SerinBot/Serin/serin/d1_5_ops_tooling/d2_1_control_panel/d3_2_panel_server/d4_8_ops_routes.py,114,15,error,"Function ""get_uptime"" is not accessed (reportUnusedFunction)"
/home/user3/Documents/SerinBot/Serin/serin/d1_5_ops_tooling/d2_1_control_panel/d3_2_panel_server/d4_9_missing_routes.py,21,19,error,"Function ""get_current_mood"" is not accessed (reportUnusedFunction)"
/home/user3/Documents/SerinBot/Serin/serin/d1_5_ops_tooling/d2_1_control_panel/d3_2_panel_server/d4_9_missing_routes.py,53,19,error,"Function ""set_mood"" is not accessed (reportUnusedFunction)"
/home/user3/Documents/SerinBot/Serin/serin/d1_5_ops_tooling/d2_1_control_panel/d3_2_panel_server/d4_9_missing_routes.py,84,19,error,"Function ""get_mood_history"" is not accessed (reportUnusedFunction)"
/home/user3/Documents/SerinBot/Serin/serin/d1_5_ops_tooling/d2_1_control_panel/d3_2_panel_server/d4_9_missing_routes.py,101,19,error,"Return type, ""dict[Unknown, Unknown]"", is partially unknown (reportUnknownParameterType)"
/home/user3/Documents/SerinBot/Serin/serin/d1_5_ops_tooling/d2_1_control_panel/d3_2_panel_server/d4_9_missing_routes.py,101,19,error,"Function ""join_voice"" is not accessed (reportUnusedFunction)"
/home/user3/Documents/SerinBot/Serin/serin/d1_5_ops_tooling/d2_1_control_panel/d3_2_panel_server/d4_9_missing_routes.py,101,55,error,"Expected type arguments for generic class ""dict"" (reportMissingTypeArgument)"
/home/user3/Documents/SerinBot/Serin/serin/d1_5_ops_tooling/d2_1_control_panel/d3_2_panel_server/d4_9_missing_routes.py,105,24,error,"Return type, ""dict[Unknown, Unknown]"", is partially unknown (reportUnknownVariableType)"
/home/user3/Documents/SerinBot/Serin/serin/d1_5_ops_tooling/d2_1_control_panel/d3_2_panel_server/d4_9_missing_routes.py,108,24,error,"Return type, ""dict[Unknown, Unknown]"", is partially unknown (reportUnknownVariableType)"
/home/user3/Documents/SerinBot/Serin/serin/d1_5_ops_tooling/d2_1_control_panel/d3_2_panel_server/d4_9_missing_routes.py,111,24,error,"Return type, ""dict[Unknown, Unknown]"", is partially unknown (reportUnknownVariableType)"
/home/user3/Documents/SerinBot/Serin/serin/d1_5_ops_tooling/d2_1_control_panel/d3_2_panel_server/d4_9_missing_routes.py,114,24,error,"Return type, ""dict[Unknown, Unknown]"", is partially unknown (reportUnknownVariableType)"
/home/user3/Documents/SerinBot/Serin/serin/d1_5_ops_tooling/d2_1_control_panel/d3_2_panel_server/d4_9_missing_routes.py,119,19,error,"Return type, ""dict[Unknown, Unknown]"", is partially unknown (reportUnknownParameterType)"
/home/user3/Documents/SerinBot/Serin/serin/d1_5_ops_tooling/d2_1_control_panel/d3_2_panel_server/d4_9_missing_routes.py,119,19,error,"Function ""leave_voice"" is not accessed (reportUnusedFunction)"
/home/user3/Documents/SerinBot/Serin/serin/d1_5_ops_tooling/d2_1_control_panel/d3_2_panel_server/d4_9_missing_routes.py,119,56,error,"Expected type arguments for generic class ""dict"" (reportMissingTypeArgument)"
/home/user3/Documents/SerinBot/Serin/serin/d1_5_ops_tooling/d2_1_control_panel/d3_2_panel_server/d4_9_missing_routes.py,122,24,error,"Return type, ""dict[Unknown, Unknown]"", is partially unknown (reportUnknownVariableType)"
/home/user3/Documents/SerinBot/Serin/serin/d1_5_ops_tooling/d2_1_control_panel/d3_2_panel_server/d4_9_missing_routes.py,125,24,error,"Return type, ""dict[Unknown, Unknown]"", is partially unknown (reportUnknownVariableType)"
/home/user3/Documents/SerinBot/Serin/serin/d1_5_ops_tooling/d2_1_control_panel/d3_2_panel_server/d4_9_missing_routes.py,128,24,error,"Return type, ""dict[Unknown, Unknown]"", is partially unknown (reportUnknownVariableType)"
/home/user3/Documents/SerinBot/Serin/serin/d1_5_ops_tooling/d2_1_control_panel/d3_2_panel_server/d4_9_missing_routes.py,131,24,error,"Return type, ""dict[Unknown, Unknown]"", is partially unknown (reportUnknownVariableType)"
/home/user3/Documents/SerinBot/Serin/serin/d1_5_ops_tooling/d2_1_control_panel/d3_2_panel_server/d4_9_missing_routes.py,136,19,error,"Function ""get_voice_status"" is not accessed (reportUnusedFunction)"
/home/user3/Documents/SerinBot/Serin/serin/d1_5_ops_tooling/d2_1_control_panel/d3_2_panel_server/d4_9_missing_routes.py,156,19,error,"Function ""get_voice_files"" is not accessed (reportUnusedFunction)"
/home/user3/Documents/SerinBot/Serin/serin/d1_5_ops_tooling/d2_1_control_panel/d3_2_panel_server/d4_9_missing_routes.py,170,19,error,"Function ""load_voice_file"" is not accessed (reportUnusedFunction)"
/home/user3/Documents/SerinBot/Serin/serin/d1_5_ops_tooling/d2_1_control_panel/d3_2_panel_server/d4_9_missing_routes.py,191,19,error,"Function ""clear_voice"" is not accessed (reportUnusedFunction)"
/home/user3/Documents/SerinBot/Serin/serin/d1_5_ops_tooling/d2_1_control_panel/d3_2_panel_server/d4_9_missing_routes.py,204,19,error,"Function ""get_voice_channels"" is not accessed (reportUnusedFunction)"
/home/user3/Documents/SerinBot/Serin/serin/d1_5_ops_tooling/d2_1_control_panel/d3_2_panel_server/d4_9_missing_routes.py,212,25,error,"Type of ""append"" is partially unknown"
/home/user3/Documents/SerinBot/Serin/serin/d1_5_ops_tooling/d2_1_control_panel/d3_2_panel_server/d4_9_missing_routes.py,219,24,error,"Return type, ""dict[str, list[Unknown]]"", is partially unknown (reportUnknownVariableType)"
/home/user3/Documents/SerinBot/Serin/serin/d1_5_ops_tooling/d2_1_control_panel/d3_2_panel_server/d4_9_missing_routes.py,227,19,error,"Function ""leave_all_voice_channels"" is not accessed (reportUnusedFunction)"
/home/user3/Documents/SerinBot/Serin/serin/d1_5_ops_tooling/d2_1_control_panel/d3_2_panel_server/d4_9_missing_routes.py,241,19,error,"Function ""test_tts_voice"" is not accessed (reportUnusedFunction)"
/home/user3/Documents/SerinBot/Serin/serin/d1_5_ops_tooling/d2_1_control_panel/d3_2_panel_server/d4_9_missing_routes.py,254,19,error,"Function ""load_tts_voice"" is not accessed (reportUnusedFunction)"
/home/user3/Documents/SerinBot/Serin/serin/d1_5_ops_tooling/d2_1_control_panel/d3_2_panel_server/d4_9_missing_routes.py,268,19,error,"Function ""clear_tts_voice"" is not accessed (reportUnusedFunction)"
/home/user3/Documents/SerinBot/Serin/serin/d1_5_ops_tooling/d2_1_control_panel/d3_2_panel_server/d4_9_missing_routes.py,281,19,error,"Function ""test_tts"" is not accessed (reportUnusedFunction)"
/home/user3/Documents/SerinBot/Serin/serin/d1_5_ops_tooling/d2_1_control_panel/d3_2_panel_server/d4_9_missing_routes.py,294,19,error,"Function ""get_tts_voices"" is not accessed (reportUnusedFunction)"
/home/user3/Documents/SerinBot/Serin/serin/d1_5_ops_tooling/d2_1_control_panel/d3_2_panel_server/d4_9_missing_routes.py,314,19,error,"Function ""get_current_tts"" is not accessed (reportUnusedFunction)"
/home/user3/Documents/SerinBot/Serin/serin/d1_5_ops_tooling/d2_1_control_panel/d3_2_panel_server/d4_9_missing_routes.py,333,19,error,"Function ""update_tts_settings"" is not accessed (reportUnusedFunction)"
/home/user3/Documents/SerinBot/Serin/serin/d1_5_ops_tooling/d2_1_control_panel/d3_2_panel_server/d4_9_missing_routes.py,349,19,error,"Function ""get_tts_status"" is not accessed (reportUnusedFunction)"
/home/user3/Documents/SerinBot/Serin/serin/d1_5_ops_tooling/d2_1_control_panel/d3_2_panel_server/d4_9_missing_routes.py,370,19,error,"Function ""get_audio_settings"" is not accessed (reportUnusedFunction)"
/home/user3/Documents/SerinBot/Serin/serin/d1_5_ops_tooling/d2_1_control_panel/d3_2_panel_server/d4_9_missing_routes.py,388,19,error,"Function ""update_audio_settings"" is not accessed (reportUnusedFunction)"
/home/user3/Documents/SerinBot/Serin/serin/d1_5_ops_tooling/d2_1_control_panel/d3_2_panel_server/d4_9_missing_routes.py,405,19,error,"Function ""get_audio_speakers"" is not accessed (reportUnusedFunction)"
/home/user3/Documents/SerinBot/Serin/serin/d1_5_ops_tooling/d2_1_control_panel/d3_2_panel_server/d4_9_missing_routes.py,418,19,error,"Function ""get_audio_stats"" is not accessed (reportUnusedFunction)"
/home/user3/Documents/SerinBot/Serin/serin/d1_5_ops_tooling/d2_1_control_panel/d3_2_panel_server/d4_9_missing_routes.py,432,19,error,"Function ""get_voice_behavior_settings"" is not accessed (reportUnusedFunction)"
/home/user3/Documents/SerinBot/Serin/serin/d1_5_ops_tooling/d2_1_control_panel/d3_2_panel_server/d4_9_missing_routes.py,445,19,error,"Function ""update_voice_behavior_settings"" is not accessed (reportUnusedFunction)"
/home/user3/Documents/SerinBot/Serin/serin/d1_5_ops_tooling/d2_1_control_panel/d3_2_panel_server/d4_9_missing_routes.py,464,19,error,"Function ""get_voice_behavior_stats"" is not accessed (reportUnusedFunction)"
/home/user3/Documents/SerinBot/Serin/serin/d1_5_ops_tooling/d2_1_control_panel/d3_2_panel_server/d4_9_missing_routes.py,478,19,error,"Function ""list_voice_profiles"" is not accessed (reportUnusedFunction)"
/home/user3/Documents/SerinBot/Serin/serin/d1_5_ops_tooling/d2_1_control_panel/d3_2_panel_server/d4_9_missing_routes.py,481,26,error,"Import ""serin.d1_3_state_core.voice.voice_profiles"" could not be resolved (reportMissingImports)"
/home/user3/Documents/SerinBot/Serin/serin/d1_5_ops_tooling/d2_1_control_panel/d3_2_panel_server/d4_9_missing_routes.py,482,25,error,"Type of ""get_voice_profiles"" is unknown (reportUnknownVariableType)"
/home/user3/Documents/SerinBot/Serin/serin/d1_5_ops_tooling/d2_1_control_panel/d3_2_panel_server/d4_9_missing_routes.py,484,21,error,"Type of ""profiles"" is unknown (reportUnknownVariableType)"
/home/user3/Documents/SerinBot/Serin/serin/d1_5_ops_tooling/d2_1_control_panel/d3_2_panel_server/d4_9_missing_routes.py,495,19,error,"Function ""set_active_voice_profile"" is not accessed (reportUnusedFunction)"
/home/user3/Documents/SerinBot/Serin/serin/d1_5_ops_tooling/d2_1_control_panel/d3_2_panel_server/d4_9_missing_routes.py,501,26,error,"Import ""serin.d1_3_state_core.voice.voice_profiles"" could not be resolved (reportMissingImports)"
/home/user3/Documents/SerinBot/Serin/serin/d1_5_ops_tooling/d2_1_control_panel/d3_2_panel_server/d4_9_missing_routes.py,502,25,error,"Type of ""set_active_profile"" is unknown (reportUnknownVariableType)"
/home/user3/Documents/SerinBot/Serin/serin/d1_5_ops_tooling/d2_1_control_panel/d3_2_panel_server/d4_9_missing_routes.py,515,19,error,"Function ""create_voice_profile"" is not accessed (reportUnusedFunction)"
/home/user3/Documents/SerinBot/Serin/serin/d1_5_ops_tooling/d2_1_control_panel/d3_2_panel_server/d4_9_missing_routes.py,521,26,error,"Import ""serin.d1_3_state_core.voice.voice_profiles"" could not be resolved (reportMissingImports)"
/home/user3/Documents/SerinBot/Serin/serin/d1_5_ops_tooling/d2_1_control_panel/d3_2_panel_server/d4_9_missing_routes.py,522,25,error,"Type of ""create_voice_profile"" is unknown (reportUnknownVariableType)"
/home/user3/Documents/SerinBot/Serin/serin/d1_5_ops_tooling/d2_1_control_panel/d3_2_panel_server/d4_9_missing_routes.py,540,19,error,"Function ""delete_voice_profile"" is not accessed (reportUnusedFunction)"
/home/user3/Documents/SerinBot/Serin/serin/d1_5_ops_tooling/d2_1_control_panel/d3_2_panel_server/d4_9_missing_routes.py,546,26,error,"Import ""serin.d1_3_state_core.voice.voice_profiles"" could not be resolved (reportMissingImports)"
/home/user3/Documents/SerinBot/Serin/serin/d1_5_ops_tooling/d2_1_control_panel/d3_2_panel_server/d4_9_missing_routes.py,547,25,error,"Type of ""delete_voice_profile"" is unknown (reportUnknownVariableType)"
/home/user3/Documents/SerinBot/Serin/serin/d1_5_ops_tooling/d2_1_control_panel/d3_2_panel_server/d4_9_missing_routes.py,561,19,error,"Return type, ""dict[Unknown, Unknown]"", is partially unknown (reportUnknownParameterType)"
/home/user3/Documents/SerinBot/Serin/serin/d1_5_ops_tooling/d2_1_control_panel/d3_2_panel_server/d4_9_missing_routes.py,561,19,error,"Function ""test_qdrant_connection"" is not accessed (reportUnusedFunction)"
/home/user3/Documents/SerinBot/Serin/serin/d1_5_ops_tooling/d2_1_control_panel/d3_2_panel_server/d4_9_missing_routes.py,561,67,error,"Expected type arguments for generic class ""dict"" (reportMissingTypeArgument)"
/home/user3/Documents/SerinBot/Serin/serin/d1_5_ops_tooling/d2_1_control_panel/d3_2_panel_server/d4_9_missing_routes.py,569,24,error,"Return type, ""dict[Unknown, Unknown]"", is partially unknown (reportUnknownVariableType)"
/home/user3/Documents/SerinBot/Serin/serin/d1_5_ops_tooling/d2_1_control_panel/d3_2_panel_server/d4_9_missing_routes.py,575,24,error,"Return type, ""dict[Unknown, Unknown]"", is partially unknown (reportUnknownVariableType)"
/home/user3/Documents/SerinBot/Serin/serin/d1_5_ops_tooling/d2_1_control_panel/d3_2_panel_server/d4_9_missing_routes.py,584,19,error,"Function ""run_background_maintenance"" is not accessed (reportUnusedFunction)"
/home/user3/Documents/SerinBot/Serin/serin/d1_5_ops_tooling/d2_1_control_panel/d3_2_panel_server/d4_9_missing_routes.py,598,19,error,"Function ""start_crawler"" is not accessed (reportUnusedFunction)"
/home/user3/Documents/SerinBot/Serin/serin/d1_5_ops_tooling/d2_1_control_panel/d3_2_panel_server/d4_9_missing_routes.py,611,19,error,"Function ""stop_crawler"" is not accessed (reportUnusedFunction)"
/home/user3/Documents/SerinBot/Serin/serin/d1_5_ops_tooling/d2_1_control_panel/d3_2_panel_server/d4_9_missing_routes.py,624,19,error,"Return type, ""dict[Unknown, Unknown]"", is partially unknown (reportUnknownParameterType)"
/home/user3/Documents/SerinBot/Serin/serin/d1_5_ops_tooling/d2_1_control_panel/d3_2_panel_server/d4_9_missing_routes.py,624,19,error,"Function ""force_backfill"" is not accessed (reportUnusedFunction)"
/home/user3/Documents/SerinBot/Serin/serin/d1_5_ops_tooling/d2_1_control_panel/d3_2_panel_server/d4_9_missing_routes.py,624,59,error,"Expected type arguments for generic class ""dict"" (reportMissingTypeArgument)"
/home/user3/Documents/SerinBot/Serin/serin/d1_5_ops_tooling/d2_1_control_panel/d3_2_panel_server/d4_9_missing_routes.py,628,24,error,"Return type, ""dict[Unknown, Unknown]"", is partially unknown (reportUnknownVariableType)"
/home/user3/Documents/SerinBot/Serin/serin/d1_5_ops_tooling/d2_1_control_panel/d3_2_panel_server/d4_9_missing_routes.py,637,24,error,"Return type, ""dict[Unknown, Unknown]"", is partially unknown (reportUnknownVariableType)"
/home/user3/Documents/SerinBot/Serin/serin/d1_5_ops_tooling/d2_1_control_panel/d3_2_panel_server/d4_9_missing_routes.py,644,24,error,"Return type, ""dict[Unknown, Unknown]"", is partially unknown (reportUnknownVariableType)"
/home/user3/Documents/SerinBot/Serin/serin/d1_5_ops_tooling/d2_1_control_panel/d3_2_panel_server/d4_9_missing_routes.py,650,19,error,"Function ""rebuild_bm25_index"" is not accessed (reportUnusedFunction)"
/home/user3/Documents/SerinBot/Serin/serin/d1_5_ops_tooling/d2_1_control_panel/d3_3_panel_lifecycle.py,61,9,error,"Variable ""i"" is not accessed (reportUnusedVariable)"
/home/user3/Documents/SerinBot/Serin/serin/d1_5_ops_tooling/d2_1_control_panel/d3_4_panel_routes.py,61,15,error,"Function ""get_enhanced_status"" is not accessed (reportUnusedFunction)"
/home/user3/Documents/SerinBot/Serin/serin/d1_5_ops_tooling/d2_1_control_panel/d3_4_panel_routes.py,85,15,error,"Function ""search_memories_enhanced"" is not accessed (reportUnusedFunction)"
/home/user3/Documents/SerinBot/Serin/serin/d1_5_ops_tooling/d2_1_control_panel/d3_4_panel_routes.py,123,15,error,"Function ""add_memory_enhanced"" is not accessed (reportUnusedFunction)"
/home/user3/Documents/SerinBot/Serin/serin/d1_5_ops_tooling/d2_1_control_panel/d3_4_panel_routes.py,154,15,error,"Function ""get_user_profile_enhanced"" is not accessed (reportUnusedFunction)"
/home/user3/Documents/SerinBot/Serin/serin/d1_5_ops_tooling/d2_1_control_panel/d3_4_panel_routes.py,171,15,error,"Function ""cleanup_memories_enhanced"" is not accessed (reportUnusedFunction)"
/home/user3/Documents/SerinBot/Serin/serin/d1_5_ops_tooling/d2_1_control_panel/d3_4_panel_routes.py,195,15,error,"Function ""test_connection_enhanced"" is not accessed (reportUnusedFunction)"
/home/user3/Documents/SerinBot/Serin/serin/d1_5_ops_tooling/d2_2_tooling_background.py,285,17,error,"Type of ""append"" is partially unknown"
/home/user3/Documents/SerinBot/Serin/serin/d1_5_ops_tooling/d2_2_tooling_background.py,290,13,error,"Type of ""append"" is partially unknown"
/home/user3/Documents/SerinBot/Serin/serin/d1_5_ops_tooling/d2_2_tooling_background.py,292,16,error,"Return type, ""list[Unknown]"", is partially unknown (reportUnknownVariableType)"
/home/user3/Documents/SerinBot/Serin/serin/d1_5_ops_tooling/d2_2_tooling_background.py,307,17,error,"Type of ""append"" is partially unknown"
/home/user3/Documents/SerinBot/Serin/serin/d1_5_ops_tooling/d2_2_tooling_background.py,309,43,error,Argument type is partially unknown
