file,type,line,function,complexity,rank
serin/d1_1_serin_di.py,F,58,get_logger,2,A
serin/d1_1_serin_di.py,F,69,get_mention_translator,2,A
serin/d1_1_serin_di.py,F,80,get_message_manager,2,A
serin/d1_1_serin_di.py,F,91,get_crawler,2,A
serin/d1_1_serin_di.py,F,102,get_qdrant,2,A
serin/d1_1_serin_di.py,F,51,init_root,1,A
serin/d1_1_serin_di.py,F,64,set_mention_translator,1,A
serin/d1_1_serin_di.py,F,75,set_message_manager,1,A
serin/d1_1_serin_di.py,F,86,set_crawler,1,A
serin/d1_1_serin_di.py,F,97,set_qdrant,1,A
serin/d1_1_serin_di.py,F,114,create_mention_translator,1,A
serin/d1_1_serin_di.py,F,121,create_qdrant_memory_system,1,A
serin/d1_1_serin_di.py,F,128,create_message_crawler,1,A
serin/d1_1_serin_di.py,F,137,create_sync_monitor,1,A
serin/d1_1_serin_di.py,F,146,create_message_manager,1,A
serin/d1_1_serin_di.py,F,157,build_message_pipeline,1,A
serin/d1_1_serin_di.py,F,167,get_thinking_filter_instance,1,A
serin/d1_1_serin_di.py,F,183,set_response_generator_client,1,A
serin/d1_1_serin_di.py,F,188,initialize_llama_connector,1,A
serin/d1_1_serin_di.py,F,193,get_llama_connector,1,A
serin/d1_1_serin_di.py,F,198,get_response_generator_fn,1,A
serin/d1_1_serin_di.py,F,207,build_voice_system_prompt,1,A
serin/d1_1_serin_di.py,F,222,get_database_validation_error_type,1,A
serin/d1_1_serin_di.py,F,227,get_database_recovery_error_type,1,A
serin/d1_1_serin_di.py,F,232,create_database_protector,1,A
serin/d1_1_serin_di.py,F,237,get_database_protector_instance,1,A
serin/d1_1_serin_di.py,F,244,process_voice_input,1,A
serin/d1_1_pipeline_flow/d2_1_flow_act/d3_3_stages_base.py,C,12,PipelineStage,2,A
serin/d1_1_pipeline_flow/d2_1_flow_act/d3_3_stages_base.py,M,16,PipelineStage.name,1,A
serin/d1_1_pipeline_flow/d2_1_flow_act/d3_3_stages_base.py,M,19,PipelineStage.run,1,A
serin/d1_1_pipeline_flow/d2_1_flow_act/d3_3_stages_base.py,M,26,PipelineStage._run,1,A
serin/d1_1_pipeline_flow/d2_1_flow_act/d3_1_act_runners/d4_2_runners_pipeline.py,M,102,MessagePipeline.process,9,B
serin/d1_1_pipeline_flow/d2_1_flow_act/d3_1_act_runners/d4_2_runners_pipeline.py,C,33,MessagePipeline,5,A
serin/d1_1_pipeline_flow/d2_1_flow_act/d3_1_act_runners/d4_2_runners_pipeline.py,M,38,MessagePipeline.build,2,A
serin/d1_1_pipeline_flow/d2_1_flow_act/d3_1_act_runners/d4_2_runners_pipeline.py,M,34,MessagePipeline.__init__,1,A
serin/d1_1_pipeline_flow/d2_1_flow_act/d3_1_act_runners/d4_4_response_cleaning.py,C,19,ResponseCleaningStage,4,A
serin/d1_1_pipeline_flow/d2_1_flow_act/d3_1_act_runners/d4_4_response_cleaning.py,M,25,ResponseCleaningStage._run,4,A
serin/d1_1_pipeline_flow/d2_1_flow_act/d3_1_act_runners/d4_4_response_cleaning.py,M,22,ResponseCleaningStage.__init__,1,A
serin/d1_1_pipeline_flow/d2_1_flow_act/d3_1_act_runners/d4_3_prompt_assembly/d5_2_prompt_helpers.py,F,69,_fuzz_memories,17,C
serin/d1_1_pipeline_flow/d2_1_flow_act/d3_1_act_runners/d4_3_prompt_assembly/d5_2_prompt_helpers.py,F,136,_relationship_context,17,C
serin/d1_1_pipeline_flow/d2_1_flow_act/d3_1_act_runners/d4_3_prompt_assembly/d5_2_prompt_helpers.py,F,191,_belief_evolution_context,11,C
serin/d1_1_pipeline_flow/d2_1_flow_act/d3_1_act_runners/d4_3_prompt_assembly/d5_2_prompt_helpers.py,F,230,_facts_context,10,B
serin/d1_1_pipeline_flow/d2_1_flow_act/d3_1_act_runners/d4_3_prompt_assembly/d5_2_prompt_helpers.py,F,39,_time_label,6,B
serin/d1_1_pipeline_flow/d2_1_flow_act/d3_1_act_runners/d4_3_prompt_assembly/d5_2_prompt_helpers.py,F,58,_confidence_label,4,A
serin/d1_1_pipeline_flow/d2_1_flow_act/d3_1_act_runners/d4_3_prompt_assembly/d5_2_prompt_helpers.py,F,258,_truncate_to_budget,2,A
serin/d1_1_pipeline_flow/d2_1_flow_act/d3_1_act_runners/d4_3_prompt_assembly/d5_1_prompt_assembly.py,M,77,PromptAssemblyStage._add_response_plan_constraints,10,B
serin/d1_1_pipeline_flow/d2_1_flow_act/d3_1_act_runners/d4_3_prompt_assembly/d5_1_prompt_assembly.py,M,211,PromptAssemblyStage._build_messages,10,B
serin/d1_1_pipeline_flow/d2_1_flow_act/d3_1_act_runners/d4_3_prompt_assembly/d5_1_prompt_assembly.py,M,266,PromptAssemblyStage._store_prompt_debug,10,B
serin/d1_1_pipeline_flow/d2_1_flow_act/d3_1_act_runners/d4_3_prompt_assembly/d5_1_prompt_assembly.py,M,179,PromptAssemblyStage._build_relationships_context,6,B
serin/d1_1_pipeline_flow/d2_1_flow_act/d3_1_act_runners/d4_3_prompt_assembly/d5_1_prompt_assembly.py,M,195,PromptAssemblyStage._build_user_profile_context,6,B
serin/d1_1_pipeline_flow/d2_1_flow_act/d3_1_act_runners/d4_3_prompt_assembly/d5_1_prompt_assembly.py,C,41,PromptAssemblyStage,5,A
serin/d1_1_pipeline_flow/d2_1_flow_act/d3_1_act_runners/d4_3_prompt_assembly/d5_1_prompt_assembly.py,M,49,PromptAssemblyStage._run,5,A
serin/d1_1_pipeline_flow/d2_1_flow_act/d3_1_act_runners/d4_3_prompt_assembly/d5_1_prompt_assembly.py,M,245,PromptAssemblyStage._filter_history_messages,5,A
serin/d1_1_pipeline_flow/d2_1_flow_act/d3_1_act_runners/d4_3_prompt_assembly/d5_1_prompt_assembly.py,M,140,PromptAssemblyStage._build_missed_messages_context,4,A
serin/d1_1_pipeline_flow/d2_1_flow_act/d3_1_act_runners/d4_3_prompt_assembly/d5_1_prompt_assembly.py,M,257,PromptAssemblyStage._collapse_duplicates,4,A
serin/d1_1_pipeline_flow/d2_1_flow_act/d3_1_act_runners/d4_3_prompt_assembly/d5_1_prompt_assembly.py,M,103,PromptAssemblyStage._build_beliefs_context,3,A
serin/d1_1_pipeline_flow/d2_1_flow_act/d3_1_act_runners/d4_3_prompt_assembly/d5_1_prompt_assembly.py,M,98,PromptAssemblyStage._build_facts_context,2,A
serin/d1_1_pipeline_flow/d2_1_flow_act/d3_1_act_runners/d4_3_prompt_assembly/d5_1_prompt_assembly.py,M,120,PromptAssemblyStage._build_relationship_context,2,A
serin/d1_1_pipeline_flow/d2_1_flow_act/d3_1_act_runners/d4_3_prompt_assembly/d5_1_prompt_assembly.py,M,130,PromptAssemblyStage._build_belief_evolution_context,2,A
serin/d1_1_pipeline_flow/d2_1_flow_act/d3_1_act_runners/d4_3_prompt_assembly/d5_1_prompt_assembly.py,M,163,PromptAssemblyStage._build_memory_context,2,A
serin/d1_1_pipeline_flow/d2_1_flow_act/d3_1_act_runners/d4_3_prompt_assembly/d5_1_prompt_assembly.py,M,173,PromptAssemblyStage._build_personality_context,2,A
serin/d1_1_pipeline_flow/d2_1_flow_act/d3_1_act_runners/d4_3_prompt_assembly/d5_1_prompt_assembly.py,M,44,PromptAssemblyStage.__init__,1,A
serin/d1_1_pipeline_flow/d2_1_flow_act/d3_1_act_runners/d4_1_runners_dispatch/d5_2_dispatch_send.py,C,20,SendStage,4,A
serin/d1_1_pipeline_flow/d2_1_flow_act/d3_1_act_runners/d4_1_runners_dispatch/d5_2_dispatch_send.py,M,26,SendStage._run,4,A
serin/d1_1_pipeline_flow/d2_1_flow_act/d3_1_act_runners/d4_1_runners_dispatch/d5_2_dispatch_send.py,M,23,SendStage.__init__,1,A
serin/d1_1_pipeline_flow/d2_1_flow_act/d3_1_act_runners/d4_1_runners_dispatch/d5_1_llm_call.py,C,19,LLMCallStage,3,A
serin/d1_1_pipeline_flow/d2_1_flow_act/d3_1_act_runners/d4_1_runners_dispatch/d5_1_llm_call.py,M,25,LLMCallStage._run,2,A
serin/d1_1_pipeline_flow/d2_1_flow_act/d3_1_act_runners/d4_1_runners_dispatch/d5_1_llm_call.py,M,22,LLMCallStage.__init__,1,A
serin/d1_1_pipeline_flow/d2_1_flow_act/d3_2_act_stages/d4_4_personality_stage.py,M,26,PersonalityStage._run,5,A
serin/d1_1_pipeline_flow/d2_1_flow_act/d3_2_act_stages/d4_4_personality_stage.py,C,19,PersonalityStage,4,A
serin/d1_1_pipeline_flow/d2_1_flow_act/d3_2_act_stages/d4_4_personality_stage.py,M,22,PersonalityStage.__init__,1,A
serin/d1_1_pipeline_flow/d2_1_flow_act/d3_2_act_stages/d4_2_memory_retrieval.py,M,47,MemoryRetrievalStage._run,12,C
serin/d1_1_pipeline_flow/d2_1_flow_act/d3_2_act_stages/d4_2_memory_retrieval.py,C,19,MemoryRetrievalStage,8,B
serin/d1_1_pipeline_flow/d2_1_flow_act/d3_2_act_stages/d4_2_memory_retrieval.py,M,43,MemoryRetrievalStage.__init__,1,A
serin/d1_1_pipeline_flow/d2_1_flow_act/d3_2_act_stages/d4_3_memory_write.py,M,31,MemoryWriteStage._run,35,E
serin/d1_1_pipeline_flow/d2_1_flow_act/d3_2_act_stages/d4_3_memory_write.py,C,22,MemoryWriteStage,19,C
serin/d1_1_pipeline_flow/d2_1_flow_act/d3_2_act_stages/d4_3_memory_write.py,M,25,MemoryWriteStage.__init__,1,A
serin/d1_1_pipeline_flow/d2_1_flow_act/d3_2_act_stages/d4_1_decision_temporal.py,M,67,ResponseDecisionStage._run,24,D
serin/d1_1_pipeline_flow/d2_1_flow_act/d3_2_act_stages/d4_1_decision_temporal.py,C,44,ResponseDecisionStage,13,C
serin/d1_1_pipeline_flow/d2_1_flow_act/d3_2_act_stages/d4_1_decision_temporal.py,M,53,ResponseDecisionStage._pick_reaction_emoji,9,B
serin/d1_1_pipeline_flow/d2_1_flow_act/d3_2_act_stages/d4_1_decision_temporal.py,F,30,get_missed_messages,3,A
serin/d1_1_pipeline_flow/d2_1_flow_act/d3_2_act_stages/d4_1_decision_temporal.py,C,173,TemporalStage,3,A
serin/d1_1_pipeline_flow/d2_1_flow_act/d3_2_act_stages/d4_1_decision_temporal.py,M,179,TemporalStage._run,3,A
serin/d1_1_pipeline_flow/d2_1_flow_act/d3_2_act_stages/d4_1_decision_temporal.py,M,47,ResponseDecisionStage.__init__,2,A
serin/d1_1_pipeline_flow/d2_1_flow_act/d3_2_act_stages/d4_1_decision_temporal.py,F,39,clear_missed_messages,1,A
serin/d1_1_pipeline_flow/d2_1_flow_act/d3_2_act_stages/d4_1_decision_temporal.py,M,176,TemporalStage.__init__,1,A
serin/d1_1_pipeline_flow/d2_4_flow_remember/d3_4_sync_monitor.py,M,212,MemorySyncMonitor._check_memory_pressure,12,C
serin/d1_1_pipeline_flow/d2_4_flow_remember/d3_4_sync_monitor.py,M,178,MemorySyncMonitor._detect_race_conditions,10,B
serin/d1_1_pipeline_flow/d2_4_flow_remember/d3_4_sync_monitor.py,M,98,MemorySyncMonitor._check_api_mismatches,9,B
serin/d1_1_pipeline_flow/d2_4_flow_remember/d3_4_sync_monitor.py,M,136,MemorySyncMonitor._check_database_consistency,9,B
serin/d1_1_pipeline_flow/d2_4_flow_remember/d3_4_sync_monitor.py,M,260,MemorySyncMonitor._check_sync_gaps,9,B
serin/d1_1_pipeline_flow/d2_4_flow_remember/d3_4_sync_monitor.py,M,317,MemorySyncMonitor.get_diagnostic_report,7,B
serin/d1_1_pipeline_flow/d2_4_flow_remember/d3_4_sync_monitor.py,C,16,MemorySyncMonitor,6,B
serin/d1_1_pipeline_flow/d2_4_flow_remember/d3_4_sync_monitor.py,M,339,MemorySyncMonitor.force_sync_check,5,A
serin/d1_1_pipeline_flow/d2_4_flow_remember/d3_4_sync_monitor.py,M,64,MemorySyncMonitor._monitoring_loop,4,A
serin/d1_1_pipeline_flow/d2_4_flow_remember/d3_4_sync_monitor.py,M,288,MemorySyncMonitor._analyze_performance_metrics,4,A
serin/d1_1_pipeline_flow/d2_4_flow_remember/d3_4_sync_monitor.py,M,47,MemorySyncMonitor.start_monitoring,2,A
serin/d1_1_pipeline_flow/d2_4_flow_remember/d3_4_sync_monitor.py,M,57,MemorySyncMonitor.stop_monitoring,2,A
serin/d1_1_pipeline_flow/d2_4_flow_remember/d3_4_sync_monitor.py,M,304,MemorySyncMonitor.log_sync_failure,2,A
serin/d1_1_pipeline_flow/d2_4_flow_remember/d3_4_sync_monitor.py,M,17,MemorySyncMonitor.__init__,1,A
serin/d1_1_pipeline_flow/d2_4_flow_remember/d3_4_sync_monitor.py,M,76,MemorySyncMonitor._run_diagnostics,1,A
serin/d1_1_pipeline_flow/d2_4_flow_remember/d3_5_remember_temporal.py,M,15,TemporalParser.parse_reference,14,C
serin/d1_1_pipeline_flow/d2_4_flow_remember/d3_5_remember_temporal.py,M,136,TemporalFormatter.format_natural,10,B
serin/d1_1_pipeline_flow/d2_4_flow_remember/d3_5_remember_temporal.py,C,132,TemporalFormatter,9,B
serin/d1_1_pipeline_flow/d2_4_flow_remember/d3_5_remember_temporal.py,C,9,TemporalParser,7,B
serin/d1_1_pipeline_flow/d2_4_flow_remember/d3_5_remember_temporal.py,M,103,TemporalParser._parse_time_span,7,B
serin/d1_1_pipeline_flow/d2_4_flow_remember/d3_5_remember_temporal.py,M,252,TemporalContext.extract_time_range,7,B
serin/d1_1_pipeline_flow/d2_4_flow_remember/d3_5_remember_temporal.py,M,196,TemporalFormatter.format_relative_short,5,A
serin/d1_1_pipeline_flow/d2_4_flow_remember/d3_5_remember_temporal.py,C,231,TemporalContext,3,A
serin/d1_1_pipeline_flow/d2_4_flow_remember/d3_5_remember_temporal.py,M,76,TemporalParser._get_last_weekday,2,A
serin/d1_1_pipeline_flow/d2_4_flow_remember/d3_5_remember_temporal.py,M,89,TemporalParser._get_this_weekday,2,A
serin/d1_1_pipeline_flow/d2_4_flow_remember/d3_5_remember_temporal.py,M,245,TemporalContext.format,2,A
serin/d1_1_pipeline_flow/d2_4_flow_remember/d3_5_remember_temporal.py,M,297,TemporalContext.is_recent,2,A
serin/d1_1_pipeline_flow/d2_4_flow_remember/d3_5_remember_temporal.py,F,326,parse_time,1,A
serin/d1_1_pipeline_flow/d2_4_flow_remember/d3_5_remember_temporal.py,F,331,format_time,1,A
serin/d1_1_pipeline_flow/d2_4_flow_remember/d3_5_remember_temporal.py,F,336,get_time_range,1,A
serin/d1_1_pipeline_flow/d2_4_flow_remember/d3_5_remember_temporal.py,M,237,TemporalContext.__init__,1,A
serin/d1_1_pipeline_flow/d2_4_flow_remember/d3_5_remember_temporal.py,M,241,TemporalContext.parse,1,A
serin/d1_1_pipeline_flow/d2_4_flow_remember/d3_1_remember_core/d4_2_connection_store.py,F,47,find_qdrant_container,11,C
serin/d1_1_pipeline_flow/d2_4_flow_remember/d3_1_remember_core/d4_2_connection_store.py,F,85,ensure_qdrant_docker,9,B
serin/d1_1_pipeline_flow/d2_4_flow_remember/d3_1_remember_core/d4_2_connection_store.py,F,22,connect_with_retry,7,B
serin/d1_1_pipeline_flow/d2_4_flow_remember/d3_1_remember_core/d4_3_schema_store.py,F,9,init_sqlite_schema,4,A
serin/d1_1_pipeline_flow/d2_4_flow_remember/d3_1_remember_core/d4_4_core_store.py,M,116,QdrantMemorySystem.__init__,7,B
serin/d1_1_pipeline_flow/d2_4_flow_remember/d3_1_remember_core/d4_4_core_store.py,M,203,QdrantMemorySystem._handle_corruption,7,B
serin/d1_1_pipeline_flow/d2_4_flow_remember/d3_1_remember_core/d4_4_core_store.py,M,228,QdrantMemorySystem._setup_collection,4,A
serin/d1_1_pipeline_flow/d2_4_flow_remember/d3_1_remember_core/d4_4_core_store.py,M,277,QdrantMemorySystem.get_stats,4,A
serin/d1_1_pipeline_flow/d2_4_flow_remember/d3_1_remember_core/d4_4_core_store.py,C,112,QdrantMemorySystem,2,A
serin/d1_1_pipeline_flow/d2_4_flow_remember/d3_1_remember_core/d4_4_core_store.py,M,177,QdrantMemorySystem._init_sqlite_robust,2,A
serin/d1_1_pipeline_flow/d2_4_flow_remember/d3_1_remember_core/d4_4_core_store.py,M,187,QdrantMemorySystem._connect_and_init_schema,2,A
serin/d1_1_pipeline_flow/d2_4_flow_remember/d3_1_remember_core/d4_4_core_store.py,M,309,QdrantMemorySystem.__del__,2,A
serin/d1_1_pipeline_flow/d2_4_flow_remember/d3_1_remember_core/d4_4_core_store.py,M,171,QdrantMemorySystem._connect_with_retry,1,A
serin/d1_1_pipeline_flow/d2_4_flow_remember/d3_1_remember_core/d4_4_core_store.py,M,223,QdrantMemorySystem._init_sqlite_schema,1,A
serin/d1_1_pipeline_flow/d2_4_flow_remember/d3_1_remember_core/d4_4_core_store.py,M,316,QdrantMemorySystem.search_hybrid,1,A
serin/d1_1_pipeline_flow/d2_4_flow_remember/d3_1_remember_core/d4_4_core_store.py,M,319,QdrantMemorySystem.add_memory_enhanced,1,A
serin/d1_1_pipeline_flow/d2_4_flow_remember/d3_1_remember_core/d4_4_core_store.py,M,324,QdrantMemorySystem.add_memory,1,A
serin/d1_1_pipeline_flow/d2_4_flow_remember/d3_1_remember_core/d4_4_core_store.py,M,327,QdrantMemorySystem.search_memories,1,A
serin/d1_1_pipeline_flow/d2_4_flow_remember/d3_1_remember_core/d4_4_core_store.py,M,330,QdrantMemorySystem.get_recent_conversation,1,A
serin/d1_1_pipeline_flow/d2_4_flow_remember/d3_1_remember_core/d4_4_core_store.py,M,333,QdrantMemorySystem.get_relevant_facts,1,A
serin/d1_1_pipeline_flow/d2_4_flow_remember/d3_1_remember_core/d4_4_core_store.py,M,336,QdrantMemorySystem.get_relevant_beliefs,1,A
serin/d1_1_pipeline_flow/d2_4_flow_remember/d3_1_remember_core/d4_4_core_store.py,M,341,QdrantMemorySystem.cleanup_old_memories,1,A
serin/d1_1_pipeline_flow/d2_4_flow_remember/d3_1_remember_core/d4_4_core_store.py,M,344,QdrantMemorySystem.get_latest_message,1,A
serin/d1_1_pipeline_flow/d2_4_flow_remember/d3_1_remember_core/d4_4_core_store.py,M,347,QdrantMemorySystem.get_message_at_position,1,A
serin/d1_1_pipeline_flow/d2_4_flow_remember/d3_1_remember_core/d4_4_core_store.py,M,350,QdrantMemorySystem.get_message_by_id,1,A
serin/d1_1_pipeline_flow/d2_4_flow_remember/d3_1_remember_core/d4_4_core_store.py,M,353,QdrantMemorySystem.get_message_count,1,A
serin/d1_1_pipeline_flow/d2_4_flow_remember/d3_1_remember_core/d4_4_core_store.py,M,356,QdrantMemorySystem.get_messages_around_timestamp,1,A
serin/d1_1_pipeline_flow/d2_4_flow_remember/d3_1_remember_core/d4_4_core_store.py,M,359,QdrantMemorySystem.get_user_profile,1,A
serin/d1_1_pipeline_flow/d2_4_flow_remember/d3_1_remember_core/d4_4_core_store.py,M,362,QdrantMemorySystem.get_user_relationships,1,A
serin/d1_1_pipeline_flow/d2_4_flow_remember/d3_1_remember_core/d4_4_core_store.py,M,365,QdrantMemorySystem.log_activity,1,A
serin/d1_1_pipeline_flow/d2_4_flow_remember/d3_1_remember_core/d4_4_core_store.py,M,368,QdrantMemorySystem.store_recent_message,1,A
serin/d1_1_pipeline_flow/d2_4_flow_remember/d3_1_remember_core/d4_4_core_store.py,M,371,QdrantMemorySystem.update_relationship,1,A
serin/d1_1_pipeline_flow/d2_4_flow_remember/d3_1_remember_core/d4_4_core_store.py,M,374,QdrantMemorySystem.update_user_activity,1,A
serin/d1_1_pipeline_flow/d2_4_flow_remember/d3_1_remember_core/d4_4_core_store.py,M,377,QdrantMemorySystem.update_user_traits,1,A
serin/d1_1_pipeline_flow/d2_4_flow_remember/d3_1_remember_core/d4_4_core_store.py,M,380,QdrantMemorySystem.upsert_user,1,A
serin/d1_1_pipeline_flow/d2_4_flow_remember/d3_1_remember_core/d4_1_core_storage/d5_3_write_store.py,F,171,add_memory_enhanced,14,C
serin/d1_1_pipeline_flow/d2_4_flow_remember/d3_1_remember_core/d4_1_core_storage/d5_3_write_store.py,F,36,_chunk_content,8,B
serin/d1_1_pipeline_flow/d2_4_flow_remember/d3_1_remember_core/d4_1_core_storage/d5_3_write_store.py,F,98,_is_duplicate,8,B
serin/d1_1_pipeline_flow/d2_4_flow_remember/d3_1_remember_core/d4_1_core_storage/d5_3_write_store.py,F,129,_get_existing_memory_id,4,A
serin/d1_1_pipeline_flow/d2_4_flow_remember/d3_1_remember_core/d4_1_core_storage/d5_3_write_store.py,F,28,generate_memory_id,2,A
serin/d1_1_pipeline_flow/d2_4_flow_remember/d3_1_remember_core/d4_1_core_storage/d5_3_write_store.py,F,154,_queue_background_jobs,2,A
serin/d1_1_pipeline_flow/d2_4_flow_remember/d3_1_remember_core/d4_1_core_storage/d5_3_write_store.py,F,66,_build_payload,1,A
serin/d1_1_pipeline_flow/d2_4_flow_remember/d3_1_remember_core/d4_1_core_storage/d5_2_sqlite_store.py,F,75,update_user_traits,7,B
serin/d1_1_pipeline_flow/d2_4_flow_remember/d3_1_remember_core/d4_1_core_storage/d5_2_sqlite_store.py,F,341,cleanup_old_memories,6,B
serin/d1_1_pipeline_flow/d2_4_flow_remember/d3_1_remember_core/d4_1_core_storage/d5_2_sqlite_store.py,F,62,get_user_profile,4,A
serin/d1_1_pipeline_flow/d2_4_flow_remember/d3_1_remember_core/d4_1_core_storage/d5_2_sqlite_store.py,F,119,update_relationship,4,A
serin/d1_1_pipeline_flow/d2_4_flow_remember/d3_1_remember_core/d4_1_core_storage/d5_2_sqlite_store.py,F,21,upsert_user,3,A
serin/d1_1_pipeline_flow/d2_4_flow_remember/d3_1_remember_core/d4_1_core_storage/d5_2_sqlite_store.py,F,37,update_user_activity,3,A
serin/d1_1_pipeline_flow/d2_4_flow_remember/d3_1_remember_core/d4_1_core_storage/d5_2_sqlite_store.py,F,185,store_recent_message,3,A
serin/d1_1_pipeline_flow/d2_4_flow_remember/d3_1_remember_core/d4_1_core_storage/d5_2_sqlite_store.py,F,236,get_recent_conversation_from_sqlite,3,A
serin/d1_1_pipeline_flow/d2_4_flow_remember/d3_1_remember_core/d4_1_core_storage/d5_2_sqlite_store.py,F,287,get_messages_around_timestamp,3,A
serin/d1_1_pipeline_flow/d2_4_flow_remember/d3_1_remember_core/d4_1_core_storage/d5_2_sqlite_store.py,F,105,log_activity,2,A
serin/d1_1_pipeline_flow/d2_4_flow_remember/d3_1_remember_core/d4_1_core_storage/d5_2_sqlite_store.py,F,153,get_user_relationships,2,A
serin/d1_1_pipeline_flow/d2_4_flow_remember/d3_1_remember_core/d4_1_core_storage/d5_2_sqlite_store.py,F,222,get_latest_message,2,A
serin/d1_1_pipeline_flow/d2_4_flow_remember/d3_1_remember_core/d4_1_core_storage/d5_2_sqlite_store.py,F,261,get_message_count,2,A
serin/d1_1_pipeline_flow/d2_4_flow_remember/d3_1_remember_core/d4_1_core_storage/d5_2_sqlite_store.py,F,273,get_message_at_position,2,A
serin/d1_1_pipeline_flow/d2_4_flow_remember/d3_1_remember_core/d4_1_core_storage/d5_2_sqlite_store.py,F,328,get_message_by_id,2,A
serin/d1_1_pipeline_flow/d2_4_flow_remember/d3_1_remember_core/d4_1_core_storage/d5_2_sqlite_store.py,F,180,_sanitize_unicode,1,A
serin/d1_1_pipeline_flow/d2_4_flow_remember/d3_1_remember_core/d4_1_core_storage/d5_1_search_store.py,F,76,_build_qdrant_filter,12,C
serin/d1_1_pipeline_flow/d2_4_flow_remember/d3_1_remember_core/d4_1_core_storage/d5_1_search_store.py,F,159,_rerank_results_simple,11,C
serin/d1_1_pipeline_flow/d2_4_flow_remember/d3_1_remember_core/d4_1_core_storage/d5_1_search_store.py,F,18,search_hybrid,9,B
serin/d1_1_pipeline_flow/d2_4_flow_remember/d3_1_remember_core/d4_1_core_storage/d5_1_search_store.py,F,114,_merge_candidates,9,B
serin/d1_1_pipeline_flow/d2_4_flow_remember/d3_1_remember_core/d4_1_core_storage/d5_1_search_store.py,F,203,_condense_results,2,A
serin/d1_1_pipeline_flow/d2_4_flow_remember/d3_1_remember_core/d4_1_core_storage/d5_1_search_store.py,F,250,_calculate_age_days,2,A
serin/d1_1_pipeline_flow/d2_4_flow_remember/d3_1_remember_core/d4_1_core_storage/d5_1_search_store.py,F,258,_update_ingestion_stats,1,A
serin/d1_1_pipeline_flow/d2_4_flow_remember/d3_2_remember_knowledge/d4_2_memory_context.py,C,9,EnhancedMemoryContext,2,A
serin/d1_1_pipeline_flow/d2_4_flow_remember/d3_2_remember_knowledge/d4_2_memory_context.py,C,17,ImprovedSystemPrompt,2,A
serin/d1_1_pipeline_flow/d2_4_flow_remember/d3_2_remember_knowledge/d4_2_memory_context.py,M,12,EnhancedMemoryContext.__init__,1,A
serin/d1_1_pipeline_flow/d2_4_flow_remember/d3_2_remember_knowledge/d4_2_memory_context.py,M,21,ImprovedSystemPrompt.get_enhanced_system_prompt,1,A
serin/d1_1_pipeline_flow/d2_4_flow_remember/d3_2_remember_knowledge/d4_3_memory_quality.py,M,61,MemoryQualityAssessor._assess_content_clarity,10,B
serin/d1_1_pipeline_flow/d2_4_flow_remember/d3_2_remember_knowledge/d4_3_memory_quality.py,M,86,MemoryQualityAssessor._assess_information_density,6,B
serin/d1_1_pipeline_flow/d2_4_flow_remember/d3_2_remember_knowledge/d4_3_memory_quality.py,M,126,MemoryQualityAssessor._assess_temporal_relevance,6,B
serin/d1_1_pipeline_flow/d2_4_flow_remember/d3_2_remember_knowledge/d4_3_memory_quality.py,M,160,MemoryQualityAssessor._generate_quality_suggestions,6,B
serin/d1_1_pipeline_flow/d2_4_flow_remember/d3_2_remember_knowledge/d4_3_memory_quality.py,C,10,MemoryQualityAssessor,5,A
serin/d1_1_pipeline_flow/d2_4_flow_remember/d3_2_remember_knowledge/d4_3_memory_quality.py,M,22,MemoryQualityAssessor.assess_memory_quality,3,A
serin/d1_1_pipeline_flow/d2_4_flow_remember/d3_2_remember_knowledge/d4_3_memory_quality.py,M,153,MemoryQualityAssessor._categorize_quality,3,A
serin/d1_1_pipeline_flow/d2_4_flow_remember/d3_2_remember_knowledge/d4_3_memory_quality.py,M,103,MemoryQualityAssessor._assess_emotional_context,2,A
serin/d1_1_pipeline_flow/d2_4_flow_remember/d3_2_remember_knowledge/d4_3_memory_quality.py,M,114,MemoryQualityAssessor._assess_personal_relevance,2,A
serin/d1_1_pipeline_flow/d2_4_flow_remember/d3_2_remember_knowledge/d4_3_memory_quality.py,M,13,MemoryQualityAssessor.__init__,1,A
serin/d1_1_pipeline_flow/d2_4_flow_remember/d3_2_remember_knowledge/d4_4_knowledge_retrieval.py,M,431,HumanLikeMemoryRetriever._sort_by_human_like_priority,12,C
serin/d1_1_pipeline_flow/d2_4_flow_remember/d3_2_remember_knowledge/d4_4_knowledge_retrieval.py,M,364,HumanLikeMemoryRetriever._filter_conversation_aware_memories,11,C
serin/d1_1_pipeline_flow/d2_4_flow_remember/d3_2_remember_knowledge/d4_4_knowledge_retrieval.py,M,38,PersonalityConsistencyAnalyzer.analyze_user_personality,10,B
serin/d1_1_pipeline_flow/d2_4_flow_remember/d3_2_remember_knowledge/d4_4_knowledge_retrieval.py,M,304,HumanLikeMemoryRetriever._calculate_personality_match,8,B
serin/d1_1_pipeline_flow/d2_4_flow_remember/d3_2_remember_knowledge/d4_4_knowledge_retrieval.py,C,31,PersonalityConsistencyAnalyzer,7,B
serin/d1_1_pipeline_flow/d2_4_flow_remember/d3_2_remember_knowledge/d4_4_knowledge_retrieval.py,M,398,HumanLikeMemoryRetriever._apply_personality_consistency,7,B
serin/d1_1_pipeline_flow/d2_4_flow_remember/d3_2_remember_knowledge/d4_4_knowledge_retrieval.py,C,77,HumanLikeMemoryRetriever,6,B
serin/d1_1_pipeline_flow/d2_4_flow_remember/d3_2_remember_knowledge/d4_4_knowledge_retrieval.py,M,276,HumanLikeMemoryRetriever._calculate_human_recency,6,B
serin/d1_1_pipeline_flow/d2_4_flow_remember/d3_2_remember_knowledge/d4_4_knowledge_retrieval.py,M,169,HumanLikeMemoryRetriever._build_context_query,5,A
serin/d1_1_pipeline_flow/d2_4_flow_remember/d3_2_remember_knowledge/d4_4_knowledge_retrieval.py,M,185,HumanLikeMemoryRetriever._get_temporal_candidates,5,A
serin/d1_1_pipeline_flow/d2_4_flow_remember/d3_2_remember_knowledge/d4_4_knowledge_retrieval.py,M,132,HumanLikeMemoryRetriever._get_memory_candidates,4,A
serin/d1_1_pipeline_flow/d2_4_flow_remember/d3_2_remember_knowledge/d4_4_knowledge_retrieval.py,M,92,HumanLikeMemoryRetriever.search_memories_human_like,2,A
serin/d1_1_pipeline_flow/d2_4_flow_remember/d3_2_remember_knowledge/d4_4_knowledge_retrieval.py,M,225,HumanLikeMemoryRetriever._apply_human_like_scoring,2,A
serin/d1_1_pipeline_flow/d2_4_flow_remember/d3_2_remember_knowledge/d4_4_knowledge_retrieval.py,M,342,HumanLikeMemoryRetriever._calculate_emotional_resonance,2,A
serin/d1_1_pipeline_flow/d2_4_flow_remember/d3_2_remember_knowledge/d4_4_knowledge_retrieval.py,C,21,HumanLikeMemoryQuery,1,A
serin/d1_1_pipeline_flow/d2_4_flow_remember/d3_2_remember_knowledge/d4_4_knowledge_retrieval.py,M,34,PersonalityConsistencyAnalyzer.__init__,1,A
serin/d1_1_pipeline_flow/d2_4_flow_remember/d3_2_remember_knowledge/d4_4_knowledge_retrieval.py,M,80,HumanLikeMemoryRetriever.__init__,1,A
serin/d1_1_pipeline_flow/d2_4_flow_remember/d3_2_remember_knowledge/d4_1_knowledge_belief/d5_2_belief_evidence.py,M,107,FactStore.get_relevant_facts,9,B
serin/d1_1_pipeline_flow/d2_4_flow_remember/d3_2_remember_knowledge/d4_1_knowledge_belief/d5_2_belief_evidence.py,C,30,FactStore,4,A
serin/d1_1_pipeline_flow/d2_4_flow_remember/d3_2_remember_knowledge/d4_1_knowledge_belief/d5_2_belief_evidence.py,M,49,FactStore.add_fact,3,A
serin/d1_1_pipeline_flow/d2_4_flow_remember/d3_2_remember_knowledge/d4_1_knowledge_belief/d5_2_belief_evidence.py,M,87,FactStore.get_active_facts,3,A
serin/d1_1_pipeline_flow/d2_4_flow_remember/d3_2_remember_knowledge/d4_1_knowledge_belief/d5_2_belief_evidence.py,F,26,_build_search_query,1,A
serin/d1_1_pipeline_flow/d2_4_flow_remember/d3_2_remember_knowledge/d4_1_knowledge_belief/d5_2_belief_evidence.py,M,44,FactStore.__init__,1,A
serin/d1_1_pipeline_flow/d2_4_flow_remember/d3_2_remember_knowledge/d4_1_knowledge_belief/d5_2_belief_evidence.py,M,137,FactStore.supersede_fact,1,A
serin/d1_1_pipeline_flow/d2_4_flow_remember/d3_2_remember_knowledge/d4_1_knowledge_belief/d5_2_belief_evidence.py,M,147,FactStore.deactivate_facts_by_message,1,A
serin/d1_1_pipeline_flow/d2_4_flow_remember/d3_2_remember_knowledge/d4_1_knowledge_belief/d5_1_belief_beliefs.py,M,147,BeliefStore.infer_beliefs_from_facts,36,E
serin/d1_1_pipeline_flow/d2_4_flow_remember/d3_2_remember_knowledge/d4_1_knowledge_belief/d5_1_belief_beliefs.py,M,42,BeliefStore.add_or_update_belief,18,C
serin/d1_1_pipeline_flow/d2_4_flow_remember/d3_2_remember_knowledge/d4_1_knowledge_belief/d5_1_belief_beliefs.py,C,34,BeliefStore,17,C
serin/d1_1_pipeline_flow/d2_4_flow_remember/d3_2_remember_knowledge/d4_1_knowledge_belief/d5_1_belief_beliefs.py,M,266,BeliefStore.get_relevant_beliefs,9,B
serin/d1_1_pipeline_flow/d2_4_flow_remember/d3_2_remember_knowledge/d4_1_knowledge_belief/d5_1_belief_beliefs.py,F,30,_build_search_query,1,A
serin/d1_1_pipeline_flow/d2_4_flow_remember/d3_2_remember_knowledge/d4_1_knowledge_belief/d5_1_belief_beliefs.py,M,37,BeliefStore.__init__,1,A
serin/d1_1_pipeline_flow/d2_3_flow_perceive/d3_3_conversation_analyzer.py,M,19,ConversationAnalyzer.analyze_conversation_flow,7,B
serin/d1_1_pipeline_flow/d2_3_flow_perceive/d3_3_conversation_analyzer.py,M,85,ConversationAnalyzer._detect_topic,7,B
serin/d1_1_pipeline_flow/d2_3_flow_perceive/d3_3_conversation_analyzer.py,C,13,ConversationAnalyzer,5,A
serin/d1_1_pipeline_flow/d2_3_flow_perceive/d3_3_conversation_analyzer.py,M,117,ConversationAnalyzer._detect_patterns,5,A
serin/d1_1_pipeline_flow/d2_3_flow_perceive/d3_3_conversation_analyzer.py,M,132,ConversationAnalyzer._is_back_and_forth,5,A
serin/d1_1_pipeline_flow/d2_3_flow_perceive/d3_3_conversation_analyzer.py,M,161,ConversationAnalyzer._classify_conversation,5,A
serin/d1_1_pipeline_flow/d2_3_flow_perceive/d3_3_conversation_analyzer.py,M,147,ConversationAnalyzer._analyze_participants,4,A
serin/d1_1_pipeline_flow/d2_3_flow_perceive/d3_3_conversation_analyzer.py,M,174,ConversationAnalyzer._generate_summary,4,A
serin/d1_1_pipeline_flow/d2_3_flow_perceive/d3_3_conversation_analyzer.py,M,203,ConversationAnalyzer.should_acknowledge_topic_change,4,A
serin/d1_1_pipeline_flow/d2_3_flow_perceive/d3_3_conversation_analyzer.py,M,142,ConversationAnalyzer._is_group_discussion,3,A
serin/d1_1_pipeline_flow/d2_3_flow_perceive/d3_3_conversation_analyzer.py,M,14,ConversationAnalyzer.__init__,1,A
serin/d1_1_pipeline_flow/d2_3_flow_perceive/d3_3_conversation_analyzer.py,M,187,ConversationAnalyzer._empty_analysis,1,A
serin/d1_1_pipeline_flow/d2_3_flow_perceive/d3_3_conversation_analyzer.py,M,199,ConversationAnalyzer.get_topic_history,1,A
serin/d1_1_pipeline_flow/d2_3_flow_perceive/d3_1_active_search.py,M,19,ActiveSearch.analyze_need_to_search,7,B
serin/d1_1_pipeline_flow/d2_3_flow_perceive/d3_1_active_search.py,M,117,ActiveSearch._parse_decision,7,B
serin/d1_1_pipeline_flow/d2_3_flow_perceive/d3_1_active_search.py,M,58,ActiveSearch._passes_heuristics,6,B
serin/d1_1_pipeline_flow/d2_3_flow_perceive/d3_1_active_search.py,C,15,ActiveSearch,5,A
serin/d1_1_pipeline_flow/d2_3_flow_perceive/d3_1_active_search.py,M,78,ActiveSearch._build_thinking_prompt,2,A
serin/d1_1_pipeline_flow/d2_3_flow_perceive/d3_1_active_search.py,M,16,ActiveSearch.__init__,1,A
serin/d1_1_pipeline_flow/d2_3_flow_perceive/d3_2_bot_personality.py,M,162,BotPersonality.get_personality_context,12,C
serin/d1_1_pipeline_flow/d2_3_flow_perceive/d3_2_bot_personality.py,C,18,BotPersonality,4,A
serin/d1_1_pipeline_flow/d2_3_flow_perceive/d3_2_bot_personality.py,M,61,BotPersonality._load_default_preferences,3,A
serin/d1_1_pipeline_flow/d2_3_flow_perceive/d3_2_bot_personality.py,M,139,BotPersonality.can_disagree,3,A
serin/d1_1_pipeline_flow/d2_3_flow_perceive/d3_2_bot_personality.py,M,111,BotPersonality.get_preference,2,A
serin/d1_1_pipeline_flow/d2_3_flow_perceive/d3_2_bot_personality.py,M,132,BotPersonality.get_opinion,2,A
serin/d1_1_pipeline_flow/d2_3_flow_perceive/d3_2_bot_personality.py,M,236,BotPersonality.__del__,2,A
serin/d1_1_pipeline_flow/d2_3_flow_perceive/d3_2_bot_personality.py,F,14,_rand,1,A
serin/d1_1_pipeline_flow/d2_3_flow_perceive/d3_2_bot_personality.py,M,19,BotPersonality.__init__,1,A
serin/d1_1_pipeline_flow/d2_3_flow_perceive/d3_2_bot_personality.py,M,29,BotPersonality._init_schema,1,A
serin/d1_1_pipeline_flow/d2_3_flow_perceive/d3_2_bot_personality.py,M,122,BotPersonality._express_unknown,1,A
serin/d1_1_pipeline_flow/d2_3_flow_perceive/d3_4_topic_fatigue.py,M,58,TopicFatigue.get_topic_fatigue_level,5,A
serin/d1_1_pipeline_flow/d2_3_flow_perceive/d3_4_topic_fatigue.py,M,108,TopicFatigue._clean_old_topics,5,A
serin/d1_1_pipeline_flow/d2_3_flow_perceive/d3_4_topic_fatigue.py,C,14,TopicFatigue,4,A
serin/d1_1_pipeline_flow/d2_3_flow_perceive/d3_4_topic_fatigue.py,M,30,TopicFatigue.track_topic,3,A
serin/d1_1_pipeline_flow/d2_3_flow_perceive/d3_4_topic_fatigue.py,M,188,TopicFatigue.get_fatigue_context_note,3,A
serin/d1_1_pipeline_flow/d2_3_flow_perceive/d3_4_topic_fatigue.py,F,202,get_fatigue_tracker,2,A
serin/d1_1_pipeline_flow/d2_3_flow_perceive/d3_4_topic_fatigue.py,M,124,TopicFatigue.get_most_discussed_topics,2,A
serin/d1_1_pipeline_flow/d2_3_flow_perceive/d3_4_topic_fatigue.py,M,147,TopicFatigue.apply_fatigue_to_personality,2,A
serin/d1_1_pipeline_flow/d2_3_flow_perceive/d3_4_topic_fatigue.py,F,210,track_topic,1,A
serin/d1_1_pipeline_flow/d2_3_flow_perceive/d3_4_topic_fatigue.py,F,220,get_topic_fatigue,1,A
serin/d1_1_pipeline_flow/d2_3_flow_perceive/d3_4_topic_fatigue.py,M,20,TopicFatigue.__init__,1,A
serin/d1_1_pipeline_flow/d2_2_flow_ingest/d3_3_ingest_sync/d4_1_sync_backfill.py,M,22,BackfillMixin._backfill_channel,13,C
serin/d1_1_pipeline_flow/d2_2_flow_ingest/d3_3_ingest_sync/d4_1_sync_backfill.py,C,13,BackfillMixin,9,B
serin/d1_1_pipeline_flow/d2_2_flow_ingest/d3_3_ingest_sync/d4_1_sync_backfill.py,M,236,BackfillMixin._process_batch_with_context,7,B
serin/d1_1_pipeline_flow/d2_2_flow_ingest/d3_3_ingest_sync/d4_1_sync_backfill.py,M,117,BackfillMixin._backfill_from_timestamp,6,B
serin/d1_1_pipeline_flow/d2_2_flow_ingest/d3_3_ingest_sync/d4_1_sync_backfill.py,M,173,BackfillMixin._backfill_around_position,6,B
serin/d1_1_pipeline_flow/d2_2_flow_ingest/d3_3_ingest_sync/d4_2_sync_crawler.py,M,131,MessageCrawler._quick_sync_loop,8,B
serin/d1_1_pipeline_flow/d2_2_flow_ingest/d3_3_ingest_sync/d4_2_sync_crawler.py,M,280,MessageCrawler._deep_validate_channel,8,B
serin/d1_1_pipeline_flow/d2_2_flow_ingest/d3_3_ingest_sync/d4_2_sync_crawler.py,M,113,MessageCrawler.force_backfill,7,B
serin/d1_1_pipeline_flow/d2_2_flow_ingest/d3_3_ingest_sync/d4_2_sync_crawler.py,M,223,MessageCrawler._deep_validation_loop,7,B
serin/d1_1_pipeline_flow/d2_2_flow_ingest/d3_3_ingest_sync/d4_2_sync_crawler.py,M,173,MessageCrawler._quick_sync_channel,6,B
serin/d1_1_pipeline_flow/d2_2_flow_ingest/d3_3_ingest_sync/d4_2_sync_crawler.py,C,30,MessageCrawler,5,A
serin/d1_1_pipeline_flow/d2_2_flow_ingest/d3_3_ingest_sync/d4_2_sync_crawler.py,M,102,MessageCrawler.stop,3,A
serin/d1_1_pipeline_flow/d2_2_flow_ingest/d3_3_ingest_sync/d4_2_sync_crawler.py,M,88,MessageCrawler.start,2,A
serin/d1_1_pipeline_flow/d2_2_flow_ingest/d3_3_ingest_sync/d4_2_sync_crawler.py,M,31,MessageCrawler.__init__,1,A
serin/d1_1_pipeline_flow/d2_2_flow_ingest/d3_3_ingest_sync/d4_2_sync_crawler.py,M,78,MessageCrawler.get_stats,1,A
serin/d1_1_pipeline_flow/d2_2_flow_ingest/d3_1_ingest_context/d4_3_mention_translator.py,C,16,MentionTranslator,3,A
serin/d1_1_pipeline_flow/d2_2_flow_ingest/d3_1_ingest_context/d4_3_mention_translator.py,M,30,MentionTranslator.update_cache,3,A
serin/d1_1_pipeline_flow/d2_2_flow_ingest/d3_1_ingest_context/d4_3_mention_translator.py,M,54,MentionTranslator.clean_for_bot,3,A
serin/d1_1_pipeline_flow/d2_2_flow_ingest/d3_1_ingest_context/d4_3_mention_translator.py,M,108,MentionTranslator.restore_for_discord,3,A
serin/d1_1_pipeline_flow/d2_2_flow_ingest/d3_1_ingest_context/d4_3_mention_translator.py,M,201,MentionTranslator.cache_guild_members,3,A
serin/d1_1_pipeline_flow/d2_2_flow_ingest/d3_1_ingest_context/d4_3_mention_translator.py,M,158,MentionTranslator.clean_bot_self_mention,2,A
serin/d1_1_pipeline_flow/d2_2_flow_ingest/d3_1_ingest_context/d4_3_mention_translator.py,M,17,MentionTranslator.__init__,1,A
serin/d1_1_pipeline_flow/d2_2_flow_ingest/d3_1_ingest_context/d4_3_mention_translator.py,M,177,MentionTranslator.get_user_info,1,A
serin/d1_1_pipeline_flow/d2_2_flow_ingest/d3_1_ingest_context/d4_3_mention_translator.py,M,189,MentionTranslator.get_user_id,1,A
serin/d1_1_pipeline_flow/d2_2_flow_ingest/d3_1_ingest_context/d4_3_mention_translator.py,M,222,MentionTranslator.get_stats,1,A
serin/d1_1_pipeline_flow/d2_2_flow_ingest/d3_1_ingest_context/d4_1_context_builder.py,M,186,ConversationContextBuilder.format_context_for_llm,17,C
serin/d1_1_pipeline_flow/d2_2_flow_ingest/d3_1_ingest_context/d4_1_context_builder.py,M,39,ConversationContextBuilder.build_context,15,C
serin/d1_1_pipeline_flow/d2_2_flow_ingest/d3_1_ingest_context/d4_1_context_builder.py,M,253,ConversationContextBuilder.resolve_referents,10,B
serin/d1_1_pipeline_flow/d2_2_flow_ingest/d3_1_ingest_context/d4_1_context_builder.py,C,34,ConversationContextBuilder,9,B
serin/d1_1_pipeline_flow/d2_2_flow_ingest/d3_1_ingest_context/d4_1_context_builder.py,M,152,ConversationContextBuilder._search_with_time_range,6,B
serin/d1_1_pipeline_flow/d2_2_flow_ingest/d3_1_ingest_context/d4_1_context_builder.py,M,287,ConversationContextBuilder.extract_time_reference_from_query,2,A
serin/d1_1_pipeline_flow/d2_2_flow_ingest/d3_1_ingest_context/d4_1_context_builder.py,M,35,ConversationContextBuilder.__init__,1,A
serin/d1_1_pipeline_flow/d2_2_flow_ingest/d3_1_ingest_context/d4_2_long_message.py,M,55,LongMessageHandler.analyze_message_length,5,A
serin/d1_1_pipeline_flow/d2_2_flow_ingest/d3_1_ingest_context/d4_2_long_message.py,M,94,LongMessageHandler.should_react_to_length,5,A
serin/d1_1_pipeline_flow/d2_2_flow_ingest/d3_1_ingest_context/d4_2_long_message.py,C,17,LongMessageHandler,4,A
serin/d1_1_pipeline_flow/d2_2_flow_ingest/d3_1_ingest_context/d4_2_long_message.py,M,123,LongMessageHandler.get_length_reaction,3,A
serin/d1_1_pipeline_flow/d2_2_flow_ingest/d3_1_ingest_context/d4_2_long_message.py,M,150,LongMessageHandler.get_context_note,3,A
serin/d1_1_pipeline_flow/d2_2_flow_ingest/d3_1_ingest_context/d4_2_long_message.py,F,164,get_length_handler,2,A
serin/d1_1_pipeline_flow/d2_2_flow_ingest/d3_1_ingest_context/d4_2_long_message.py,F,13,_rand,1,A
serin/d1_1_pipeline_flow/d2_2_flow_ingest/d3_1_ingest_context/d4_2_long_message.py,F,172,analyze_message_length,1,A
serin/d1_1_pipeline_flow/d2_2_flow_ingest/d3_1_ingest_context/d4_2_long_message.py,M,51,LongMessageHandler.__init__,1,A
serin/d1_1_pipeline_flow/d2_2_flow_ingest/d3_1_ingest_context/d4_2_long_message.py,M,143,LongMessageHandler.should_add_length_note_to_context,1,A
serin/d1_1_pipeline_flow/d2_2_flow_ingest/d3_2_ingest_core/d4_4_core_manager.py,M,211,EnhancedMessageManagerV3.process_message,18,C
serin/d1_1_pipeline_flow/d2_2_flow_ingest/d3_2_ingest_core/d4_4_core_manager.py,M,66,EnhancedMessageManagerV3.__init__,11,C
serin/d1_1_pipeline_flow/d2_2_flow_ingest/d3_2_ingest_core/d4_4_core_manager.py,M,387,EnhancedMessageManagerV3._flush_batch_with_enhanced_context,10,B
serin/d1_1_pipeline_flow/d2_2_flow_ingest/d3_2_ingest_core/d4_4_core_manager.py,C,60,EnhancedMessageManagerV3,6,B
serin/d1_1_pipeline_flow/d2_2_flow_ingest/d3_2_ingest_core/d4_4_core_manager.py,M,320,EnhancedMessageManagerV3._check_voice_action,6,B
serin/d1_1_pipeline_flow/d2_2_flow_ingest/d3_2_ingest_core/d4_4_core_manager.py,M,336,EnhancedMessageManagerV3._describe_image_background,5,A
serin/d1_1_pipeline_flow/d2_2_flow_ingest/d3_2_ingest_core/d4_4_core_manager.py,M,202,EnhancedMessageManagerV3.update_state,3,A
serin/d1_1_pipeline_flow/d2_2_flow_ingest/d3_2_ingest_core/d4_4_core_manager.py,M,379,EnhancedMessageManagerV3._schedule_flush,2,A
serin/d1_1_pipeline_flow/d2_2_flow_ingest/d3_2_ingest_core/d4_4_core_manager.py,M,363,EnhancedMessageManagerV3.get_user_profile,1,A
serin/d1_1_pipeline_flow/d2_2_flow_ingest/d3_2_ingest_core/d4_4_core_manager.py,M,367,EnhancedMessageManagerV3.get_memory_stats,1,A
serin/d1_1_pipeline_flow/d2_2_flow_ingest/d3_2_ingest_core/d4_4_core_manager.py,M,373,EnhancedMessageManagerV3.abort_current_generation,1,A
serin/d1_1_pipeline_flow/d2_2_flow_ingest/d3_2_ingest_core/d4_3_correction_handler.py,C,13,CorrectionDetector,7,B
serin/d1_1_pipeline_flow/d2_2_flow_ingest/d3_2_ingest_core/d4_3_correction_handler.py,M,81,CorrectionDetector._extract_correction_details,7,B
serin/d1_1_pipeline_flow/d2_2_flow_ingest/d3_2_ingest_core/d4_3_correction_handler.py,M,32,CorrectionDetector.detect_correction,5,A
serin/d1_1_pipeline_flow/d2_2_flow_ingest/d3_2_ingest_core/d4_3_correction_handler.py,M,182,MemoryCorrector.apply_correction,4,A
serin/d1_1_pipeline_flow/d2_2_flow_ingest/d3_2_ingest_core/d4_3_correction_handler.py,F,281,get_correction_acknowledgment,3,A
serin/d1_1_pipeline_flow/d2_2_flow_ingest/d3_2_ingest_core/d4_3_correction_handler.py,C,170,MemoryCorrector,3,A
serin/d1_1_pipeline_flow/d2_2_flow_ingest/d3_2_ingest_core/d4_3_correction_handler.py,M,173,MemoryCorrector.__init__,1,A
serin/d1_1_pipeline_flow/d2_2_flow_ingest/d3_2_ingest_core/d4_3_correction_handler.py,M,241,MemoryCorrector.get_correction_history,1,A
serin/d1_1_pipeline_flow/d2_2_flow_ingest/d3_2_ingest_core/d4_5_message_process.py,F,22,process_voice_input,14,C
serin/d1_1_pipeline_flow/d2_2_flow_ingest/d3_2_ingest_core/d4_5_message_process.py,F,164,_archive_image,11,C
serin/d1_1_pipeline_flow/d2_2_flow_ingest/d3_2_ingest_core/d4_5_message_process.py,F,229,process_message,10,B
serin/d1_1_pipeline_flow/d2_2_flow_ingest/d3_2_ingest_core/d4_5_message_process.py,F,137,_handle_vision_fallback,9,B
serin/d1_1_pipeline_flow/d2_2_flow_ingest/d3_2_ingest_core/d4_5_message_process.py,F,196,_process_perception_and_store,7,B
serin/d1_1_pipeline_flow/d2_2_flow_ingest/d3_2_ingest_core/d4_5_message_process.py,F,116,_handle_correction,6,B
serin/d1_1_pipeline_flow/d2_2_flow_ingest/d3_2_ingest_core/d4_5_message_process.py,F,112,start,1,A
serin/d1_1_pipeline_flow/d2_2_flow_ingest/d3_2_ingest_core/d4_5_message_process.py,F,216,_update_user_profile,1,A
serin/d1_1_pipeline_flow/d2_2_flow_ingest/d3_2_ingest_core/d4_5_message_process.py,F,221,_schedule_flush_batch,1,A
serin/d1_1_pipeline_flow/d2_2_flow_ingest/d3_2_ingest_core/d4_1_core_perception/d5_3_perception_personality.py,F,8,analyze_personality,13,C
serin/d1_1_pipeline_flow/d2_2_flow_ingest/d3_2_ingest_core/d4_1_core_perception/d5_3_perception_personality.py,F,42,get_emotional_tone,5,A
serin/d1_1_pipeline_flow/d2_2_flow_ingest/d3_2_ingest_core/d4_1_core_perception/d5_3_perception_personality.py,F,55,detect_topic,4,A
serin/d1_1_pipeline_flow/d2_2_flow_ingest/d3_2_ingest_core/d4_1_core_perception/d5_1_perception_board.py,F,39,derive_from_board,30,D
serin/d1_1_pipeline_flow/d2_2_flow_ingest/d3_2_ingest_core/d4_1_core_perception/d5_1_perception_board.py,F,8,parse_board,10,B
serin/d1_1_pipeline_flow/d2_2_flow_ingest/d3_2_ingest_core/d4_1_core_perception/d5_2_perception_classify.py,F,35,_analyze_speech_act,11,C
serin/d1_1_pipeline_flow/d2_2_flow_ingest/d3_2_ingest_core/d4_1_core_perception/d5_2_perception_classify.py,F,146,_classify_intent,10,B
serin/d1_1_pipeline_flow/d2_2_flow_ingest/d3_2_ingest_core/d4_1_core_perception/d5_2_perception_classify.py,F,234,detect_contradictions,9,B
serin/d1_1_pipeline_flow/d2_2_flow_ingest/d3_2_ingest_core/d4_1_core_perception/d5_2_perception_classify.py,F,92,_extract_observations,7,B
serin/d1_1_pipeline_flow/d2_2_flow_ingest/d3_2_ingest_core/d4_1_core_perception/d5_2_perception_classify.py,F,130,_determine_evidence_class,7,B
serin/d1_1_pipeline_flow/d2_2_flow_ingest/d3_2_ingest_core/d4_1_core_perception/d5_2_perception_classify.py,F,80,_detect_claims,6,B
serin/d1_1_pipeline_flow/d2_2_flow_ingest/d3_2_ingest_core/d4_1_core_perception/d5_2_perception_classify.py,F,57,_extract_evidence,5,A
serin/d1_1_pipeline_flow/d2_2_flow_ingest/d3_2_ingest_core/d4_1_core_perception/d5_2_perception_classify.py,F,186,extract_facts_from_message,5,A
serin/d1_1_pipeline_flow/d2_2_flow_ingest/d3_2_ingest_core/d4_1_core_perception/d5_2_perception_classify.py,F,121,_derive_facts_from_boards,4,A
serin/d1_1_pipeline_flow/d2_2_flow_ingest/d3_2_ingest_core/d4_1_core_perception/d5_2_perception_classify.py,F,27,detect_evidence,3,A
serin/d1_1_pipeline_flow/d2_2_flow_ingest/d3_2_ingest_core/d4_1_core_perception/d5_2_perception_classify.py,F,163,perceive_message,3,A
serin/d1_1_pipeline_flow/d2_2_flow_ingest/d3_2_ingest_core/d4_1_core_perception/d5_4_perception_profile.py,F,18,get_memory_stats,2,A
serin/d1_1_pipeline_flow/d2_2_flow_ingest/d3_2_ingest_core/d4_1_core_perception/d5_4_perception_profile.py,F,12,get_user_profile,1,A
serin/d1_1_pipeline_flow/d2_2_flow_ingest/d3_2_ingest_core/d4_1_core_perception/d5_5_perception_helpers/d6_1_perception_result.py,C,33,PerceptionResult,1,A
serin/d1_1_pipeline_flow/d2_2_flow_ingest/d3_2_ingest_core/d4_2_core_vision/d5_1_visual_memory.py,M,154,VisualMemorySystem.recall_image,9,B
serin/d1_1_pipeline_flow/d2_2_flow_ingest/d3_2_ingest_core/d4_2_core_vision/d5_1_visual_memory.py,M,188,VisualMemorySystem.recall_image_from_bytes,7,B
serin/d1_1_pipeline_flow/d2_2_flow_ingest/d3_2_ingest_core/d4_2_core_vision/d5_1_visual_memory.py,M,82,VisualMemorySystem.embed_image,6,B
serin/d1_1_pipeline_flow/d2_2_flow_ingest/d3_2_ingest_core/d4_2_core_vision/d5_1_visual_memory.py,C,30,VisualMemorySystem,5,A
serin/d1_1_pipeline_flow/d2_2_flow_ingest/d3_2_ingest_core/d4_2_core_vision/d5_1_visual_memory.py,M,220,VisualMemorySystem.store_image_from_bytes,5,A
serin/d1_1_pipeline_flow/d2_2_flow_ingest/d3_2_ingest_core/d4_2_core_vision/d5_1_visual_memory.py,M,53,VisualMemorySystem._ensure_collection,4,A
serin/d1_1_pipeline_flow/d2_2_flow_ingest/d3_2_ingest_core/d4_2_core_vision/d5_1_visual_memory.py,M,110,VisualMemorySystem.store_image_memory,3,A
serin/d1_1_pipeline_flow/d2_2_flow_ingest/d3_2_ingest_core/d4_2_core_vision/d5_1_visual_memory.py,M,35,VisualMemorySystem.__init__,2,A
serin/d1_1_pipeline_flow/d2_2_flow_ingest/d3_2_ingest_core/d4_2_core_vision/d5_1_visual_memory.py,M,72,VisualMemorySystem._download_image,2,A
serin/d1_1_pipeline_flow/d2_2_flow_ingest/d3_2_ingest_core/d4_2_core_vision/d5_1_visual_memory.py,M,103,VisualMemorySystem.analyze_image,1,A
serin/d1_1_pipeline_flow/d2_5_flow_think/d3_3_response_generator.py,F,79,get_response_natural,30,D
serin/d1_1_pipeline_flow/d2_5_flow_think/d3_3_response_generator.py,F,335,apply_natural_variations,14,C
serin/d1_1_pipeline_flow/d2_5_flow_think/d3_3_response_generator.py,F,286,clean_response,8,B
serin/d1_1_pipeline_flow/d2_5_flow_think/d3_3_response_generator.py,F,39,initialize_llama,4,A
serin/d1_1_pipeline_flow/d2_5_flow_think/d3_3_response_generator.py,F,65,_should_use_thinking,4,A
serin/d1_1_pipeline_flow/d2_5_flow_think/d3_3_response_generator.py,F,31,_rand,1,A
serin/d1_1_pipeline_flow/d2_5_flow_think/d3_3_response_generator.py,F,242,build_natural_system_prompt,1,A
serin/d1_1_pipeline_flow/d2_5_flow_think/d3_3_response_generator.py,F,394,build_instruction_system_prompt,1,A
serin/d1_1_pipeline_flow/d2_5_flow_think/d3_2_response_controller.py,M,109,ResponseController.should_respond,36,E
serin/d1_1_pipeline_flow/d2_5_flow_think/d3_2_response_controller.py,M,377,ResponseController.split_response,9,B
serin/d1_1_pipeline_flow/d2_5_flow_think/d3_2_response_controller.py,M,322,ResponseController.update_conversation_mood,8,B
serin/d1_1_pipeline_flow/d2_5_flow_think/d3_2_response_controller.py,C,26,ResponseController,6,B
serin/d1_1_pipeline_flow/d2_5_flow_think/d3_2_response_controller.py,M,284,ResponseController.calculate_typing_delay,5,A
serin/d1_1_pipeline_flow/d2_5_flow_think/d3_2_response_controller.py,M,403,ResponseController.send_with_typing,5,A
serin/d1_1_pipeline_flow/d2_5_flow_think/d3_2_response_controller.py,M,68,ResponseController._is_in_active_conversation,4,A
serin/d1_1_pipeline_flow/d2_5_flow_think/d3_2_response_controller.py,M,57,ResponseController._message_mentions_bot,3,A
serin/d1_1_pipeline_flow/d2_5_flow_think/d3_2_response_controller.py,M,101,ResponseController._update_conversation,3,A
serin/d1_1_pipeline_flow/d2_5_flow_think/d3_2_response_controller.py,M,269,ResponseController._broadcast_decision,3,A
serin/d1_1_pipeline_flow/d2_5_flow_think/d3_2_response_controller.py,M,368,ResponseController.should_split_message,3,A
serin/d1_1_pipeline_flow/d2_5_flow_think/d3_2_response_controller.py,F,19,_rand,1,A
serin/d1_1_pipeline_flow/d2_5_flow_think/d3_2_response_controller.py,F,22,_uniform,1,A
serin/d1_1_pipeline_flow/d2_5_flow_think/d3_2_response_controller.py,M,27,ResponseController.__init__,1,A
serin/d1_1_pipeline_flow/d2_5_flow_think/d3_2_response_controller.py,M,48,ResponseController.set_broadcaster,1,A
serin/d1_1_pipeline_flow/d2_5_flow_think/d3_2_response_controller.py,M,52,ResponseController.set_creator_id,1,A
serin/d1_1_pipeline_flow/d2_5_flow_think/d3_2_response_controller.py,M,92,ResponseController._start_conversation,1,A
serin/d1_1_pipeline_flow/d2_5_flow_think/d3_2_response_controller.py,M,363,ResponseController.mark_response,1,A
serin/d1_1_pipeline_flow/d2_5_flow_think/d3_4_response_planner.py,C,56,ResponsePlannerStage,21,D
serin/d1_1_pipeline_flow/d2_5_flow_think/d3_4_response_planner.py,M,59,ResponsePlannerStage._run,20,C
serin/d1_1_pipeline_flow/d2_5_flow_think/d3_4_response_planner.py,F,35,_detect_user_claim,9,B
serin/d1_1_pipeline_flow/d2_5_flow_think/d3_1_think_personality/d4_1_personality_humanization.py,M,132,ConversationalFillers._determine_filler_type,10,B
serin/d1_1_pipeline_flow/d2_5_flow_think/d3_1_think_personality/d4_1_personality_humanization.py,M,61,ConversationalFillers.add_fillers,8,B
serin/d1_1_pipeline_flow/d2_5_flow_think/d3_1_think_personality/d4_1_personality_humanization.py,M,105,ConversationalFillers._should_add_fillers,7,B
serin/d1_1_pipeline_flow/d2_5_flow_think/d3_1_think_personality/d4_1_personality_humanization.py,M,405,RealisticTypos._transpose_letters,7,B
serin/d1_1_pipeline_flow/d2_5_flow_think/d3_1_think_personality/d4_1_personality_humanization.py,M,436,RealisticTypos._common_misspelling,7,B
serin/d1_1_pipeline_flow/d2_5_flow_think/d3_1_think_personality/d4_1_personality_humanization.py,M,317,RealisticTypos.add_typos,6,B
serin/d1_1_pipeline_flow/d2_5_flow_think/d3_1_think_personality/d4_1_personality_humanization.py,M,372,RealisticTypos._drop_apostrophe,6,B
serin/d1_1_pipeline_flow/d2_5_flow_think/d3_1_think_personality/d4_1_personality_humanization.py,C,16,ConversationalFillers,5,A
serin/d1_1_pipeline_flow/d2_5_flow_think/d3_1_think_personality/d4_1_personality_humanization.py,C,250,RealisticTypos,5,A
serin/d1_1_pipeline_flow/d2_5_flow_think/d3_1_think_personality/d4_1_personality_humanization.py,M,352,RealisticTypos._should_add_typo,5,A
serin/d1_1_pipeline_flow/d2_5_flow_think/d3_1_think_personality/d4_1_personality_humanization.py,M,173,ConversationalFillers._add_casual_filler,3,A
serin/d1_1_pipeline_flow/d2_5_flow_think/d3_1_think_personality/d4_1_personality_humanization.py,F,218,get_filler_engine,2,A
serin/d1_1_pipeline_flow/d2_5_flow_think/d3_1_think_personality/d4_1_personality_humanization.py,F,475,get_typo_engine,2,A
serin/d1_1_pipeline_flow/d2_5_flow_think/d3_1_think_personality/d4_1_personality_humanization.py,M,101,ConversationalFillers._is_concession,2,A
serin/d1_1_pipeline_flow/d2_5_flow_think/d3_1_think_personality/d4_1_personality_humanization.py,M,163,ConversationalFillers._add_thinking_filler,2,A
serin/d1_1_pipeline_flow/d2_5_flow_think/d3_1_think_personality/d4_1_personality_humanization.py,M,194,ConversationalFillers._add_uncertainty_filler,2,A
serin/d1_1_pipeline_flow/d2_5_flow_think/d3_1_think_personality/d4_1_personality_humanization.py,M,204,ConversationalFillers._add_emphasis_filler,2,A
serin/d1_1_pipeline_flow/d2_5_flow_think/d3_1_think_personality/d4_1_personality_humanization.py,F,12,_rand,1,A
serin/d1_1_pipeline_flow/d2_5_flow_think/d3_1_think_personality/d4_1_personality_humanization.py,F,226,add_conversational_fillers,1,A
serin/d1_1_pipeline_flow/d2_5_flow_think/d3_1_think_personality/d4_1_personality_humanization.py,F,483,add_realistic_typos,1,A
serin/d1_1_pipeline_flow/d2_5_flow_think/d3_1_think_personality/d4_1_personality_humanization.py,M,57,ConversationalFillers.__init__,1,A
serin/d1_1_pipeline_flow/d2_5_flow_think/d3_1_think_personality/d4_1_personality_humanization.py,M,312,RealisticTypos.__init__,1,A
serin/d1_1_pipeline_flow/d2_5_flow_think/d3_1_think_personality/d4_1_personality_humanization.py,M,467,RealisticTypos.add_protected_word,1,A
serin/d1_1_pipeline_flow/d2_5_flow_think/d3_1_think_personality/d4_2_personality_state.py,M,120,PersonalityState.update_from_conversation,11,C
serin/d1_1_pipeline_flow/d2_5_flow_think/d3_1_think_personality/d4_2_personality_state.py,M,206,PersonalityState.get_tone_modifier,8,B
serin/d1_1_pipeline_flow/d2_5_flow_think/d3_1_think_personality/d4_2_personality_state.py,C,21,PersonalityState,5,A
serin/d1_1_pipeline_flow/d2_5_flow_think/d3_1_think_personality/d4_2_personality_state.py,M,82,PersonalityState.load_from_db,5,A
serin/d1_1_pipeline_flow/d2_5_flow_think/d3_1_think_personality/d4_2_personality_state.py,M,46,PersonalityState.save_to_db,4,A
serin/d1_1_pipeline_flow/d2_5_flow_think/d3_1_think_personality/d4_2_personality_state.py,M,173,PersonalityState.set_mood_preset,3,A
serin/d1_1_pipeline_flow/d2_5_flow_think/d3_1_think_personality/d4_2_personality_state.py,C,14,MoodSample,1,A
serin/d1_1_pipeline_flow/d2_5_flow_think/d3_1_think_personality/d4_2_personality_state.py,M,24,PersonalityState.__init__,1,A
serin/d1_1_pipeline_flow/d2_5_flow_think/d3_1_think_personality/d4_2_personality_state.py,M,38,PersonalityState._record_sample,1,A
serin/d1_1_pipeline_flow/d2_5_flow_think/d3_1_think_personality/d4_2_personality_state.py,M,106,PersonalityState.get_history,1,A
serin/d1_1_pipeline_flow/d2_5_flow_think/d3_1_think_personality/d4_2_personality_state.py,M,110,PersonalityState.to_dict,1,A
serin/d1_2_gateway_io/d2_4_io_di.py,F,12,get_logger,2,A
serin/d1_2_gateway_io/d2_4_io_di.py,F,7,init_gateway,1,A
serin/d1_2_gateway_io/d2_1_io_discord/d3_3_command_handlers.py,F,10,handle_profile_command,8,B
serin/d1_2_gateway_io/d2_1_io_discord/d3_3_command_handlers.py,F,53,handle_stats_command,6,B
serin/d1_2_gateway_io/d2_1_io_discord/d3_3_command_handlers.py,F,119,handle_help_command,2,A
serin/d1_2_gateway_io/d2_1_io_discord/d3_2_discord_bot.py,F,146,init_database_protection,6,B
serin/d1_2_gateway_io/d2_1_io_discord/d3_4_event_handlers.py,F,13,on_voice_state_update,8,B
serin/d1_2_gateway_io/d2_1_io_discord/d3_4_event_handlers.py,F,48,run_maintenance,8,B
serin/d1_2_gateway_io/d2_1_io_discord/d3_4_event_handlers.py,F,42,on_error,1,A
serin/d1_2_gateway_io/d2_1_io_discord/d3_1_pipeline_init/d4_1_pipeline_initializer.py,M,266,PipelineInitializer._backfill_recent_images,20,C
serin/d1_2_gateway_io/d2_1_io_discord/d3_1_pipeline_init/d4_1_pipeline_initializer.py,M,157,PipelineInitializer._init_voice_system,8,B
serin/d1_2_gateway_io/d2_1_io_discord/d3_1_pipeline_init/d4_1_pipeline_initializer.py,M,109,PipelineInitializer._log_server_info,6,B
serin/d1_2_gateway_io/d2_1_io_discord/d3_1_pipeline_init/d4_1_pipeline_initializer.py,C,50,PipelineInitializer,5,A
serin/d1_2_gateway_io/d2_1_io_discord/d3_1_pipeline_init/d4_1_pipeline_initializer.py,M,335,PipelineInitializer._init_voice_behavior,5,A
serin/d1_2_gateway_io/d2_1_io_discord/d3_1_pipeline_init/d4_1_pipeline_initializer.py,M,407,PipelineInitializer._init_control_panel,5,A
serin/d1_2_gateway_io/d2_1_io_discord/d3_1_pipeline_init/d4_1_pipeline_initializer.py,M,436,PipelineInitializer._update_bot_state,5,A
serin/d1_2_gateway_io/d2_1_io_discord/d3_1_pipeline_init/d4_1_pipeline_initializer.py,M,217,PipelineInitializer._init_background_processors,4,A
serin/d1_2_gateway_io/d2_1_io_discord/d3_1_pipeline_init/d4_1_pipeline_initializer.py,M,310,PipelineInitializer._build_pipeline,4,A
serin/d1_2_gateway_io/d2_1_io_discord/d3_1_pipeline_init/d4_1_pipeline_initializer.py,M,354,PipelineInitializer._wire_voice_action_callback,4,A
serin/d1_2_gateway_io/d2_1_io_discord/d3_1_pipeline_init/d4_1_pipeline_initializer.py,M,146,PipelineInitializer._init_database_and_memory,3,A
serin/d1_2_gateway_io/d2_1_io_discord/d3_1_pipeline_init/d4_1_pipeline_initializer.py,M,69,PipelineInitializer.initialize,2,A
serin/d1_2_gateway_io/d2_1_io_discord/d3_1_pipeline_init/d4_1_pipeline_initializer.py,M,131,PipelineInitializer._init_memory_system,2,A
serin/d1_2_gateway_io/d2_1_io_discord/d3_1_pipeline_init/d4_1_pipeline_initializer.py,M,255,PipelineInitializer._init_message_manager,2,A
serin/d1_2_gateway_io/d2_1_io_discord/d3_1_pipeline_init/d4_1_pipeline_initializer.py,M,402,PipelineInitializer._wire_pipeline_refs,2,A
serin/d1_2_gateway_io/d2_1_io_discord/d3_1_pipeline_init/d4_1_pipeline_initializer.py,M,53,PipelineInitializer.__init__,1,A
serin/d1_2_gateway_io/d2_1_io_discord/d3_1_pipeline_init/d4_1_pipeline_initializer.py,M,95,PipelineInitializer._init_mention_translator,1,A
serin/d1_2_gateway_io/d2_1_io_discord/d3_1_pipeline_init/d4_1_main_entry.py,F,29,main,10,B
serin/d1_2_gateway_io/d2_1_io_discord/d3_1_pipeline_init/__init__.py,F,75,on_message,18,C
serin/d1_2_gateway_io/d2_1_io_discord/d3_1_pipeline_init/__init__.py,F,64,on_ready,1,A
serin/d1_2_gateway_io/d2_2_voice_system/d3_3_system_listener.py,M,234,VoiceListener.get_status,12,C
serin/d1_2_gateway_io/d2_2_voice_system/d3_3_system_listener.py,M,123,VoiceListener.join_channel,11,C
serin/d1_2_gateway_io/d2_2_voice_system/d3_3_system_listener.py,C,101,VoiceListener,6,B
serin/d1_2_gateway_io/d2_2_voice_system/d3_3_system_listener.py,M,200,VoiceListener.leave_channel,5,A
serin/d1_2_gateway_io/d2_2_voice_system/d3_3_system_listener.py,M,287,VoiceListener._channel_id,5,A
serin/d1_2_gateway_io/d2_2_voice_system/d3_3_system_listener.py,M,79,InfoCaptureProtocol.disconnect,4,A
serin/d1_2_gateway_io/d2_2_voice_system/d3_3_system_listener.py,C,27,InfoCaptureProtocol,3,A
serin/d1_2_gateway_io/d2_2_voice_system/d3_3_system_listener.py,M,47,InfoCaptureProtocol.connect,3,A
serin/d1_2_gateway_io/d2_2_voice_system/d3_3_system_listener.py,M,224,VoiceListener.is_in_voice,3,A
serin/d1_2_gateway_io/d2_2_voice_system/d3_3_system_listener.py,M,271,VoiceListener.get_stats,3,A
serin/d1_2_gateway_io/d2_2_voice_system/d3_3_system_listener.py,M,63,InfoCaptureProtocol.on_voice_server_update,2,A
serin/d1_2_gateway_io/d2_2_voice_system/d3_3_system_listener.py,M,89,InfoCaptureProtocol.get_info,2,A
serin/d1_2_gateway_io/d2_2_voice_system/d3_3_system_listener.py,M,220,VoiceListener.leave_all_channels,2,A
serin/d1_2_gateway_io/d2_2_voice_system/d3_3_system_listener.py,M,231,VoiceListener.is_connected,2,A
serin/d1_2_gateway_io/d2_2_voice_system/d3_3_system_listener.py,M,38,InfoCaptureProtocol.__init__,1,A
serin/d1_2_gateway_io/d2_2_voice_system/d3_3_system_listener.py,M,71,InfoCaptureProtocol.on_voice_state_update,1,A
serin/d1_2_gateway_io/d2_2_voice_system/d3_3_system_listener.py,M,102,VoiceListener.__init__,1,A
serin/d1_2_gateway_io/d2_2_voice_system/d3_5_tts_engine.py,M,226,TTSEngine._synthesize_coqui,10,B
serin/d1_2_gateway_io/d2_2_voice_system/d3_5_tts_engine.py,M,93,TTSEngine.load_model,6,B
serin/d1_2_gateway_io/d2_2_voice_system/d3_5_tts_engine.py,M,158,TTSEngine._synthesize_edge,6,B
serin/d1_2_gateway_io/d2_2_voice_system/d3_5_tts_engine.py,M,311,TTSEngine.get_available_speakers,6,B
serin/d1_2_gateway_io/d2_2_voice_system/d3_5_tts_engine.py,C,38,TTSEngine,5,A
serin/d1_2_gateway_io/d2_2_voice_system/d3_5_tts_engine.py,M,39,TTSEngine.__init__,5,A
serin/d1_2_gateway_io/d2_2_voice_system/d3_5_tts_engine.py,M,127,TTSEngine.synthesize,5,A
serin/d1_2_gateway_io/d2_2_voice_system/d3_5_tts_engine.py,M,200,TTSEngine._mp3_to_wav,4,A
serin/d1_2_gateway_io/d2_2_voice_system/d3_5_tts_engine.py,M,285,TTSEngine.set_voice_reference,3,A
serin/d1_2_gateway_io/d2_2_voice_system/d3_5_tts_engine.py,M,301,TTSEngine.set_profile,3,A
serin/d1_2_gateway_io/d2_2_voice_system/d3_5_tts_engine.py,M,319,TTSEngine.get_stats,3,A
serin/d1_2_gateway_io/d2_2_voice_system/d3_5_tts_engine.py,M,296,TTSEngine.clear_voice_reference,1,A
serin/d1_2_gateway_io/d2_2_voice_system/d3_4_system_output.py,M,113,VoiceOutputManager._process_queue,8,B
serin/d1_2_gateway_io/d2_2_voice_system/d3_4_system_output.py,C,10,VoiceOutputManager,4,A
serin/d1_2_gateway_io/d2_2_voice_system/d3_4_system_output.py,M,207,VoiceOutputManager._split_sentences,4,A
serin/d1_2_gateway_io/d2_2_voice_system/d3_4_system_output.py,M,65,VoiceOutputManager.speak,3,A
serin/d1_2_gateway_io/d2_2_voice_system/d3_4_system_output.py,M,92,VoiceOutputManager.stop_speaking,3,A
serin/d1_2_gateway_io/d2_2_voice_system/d3_4_system_output.py,M,180,VoiceOutputManager._play_audio_rust,3,A
serin/d1_2_gateway_io/d2_2_voice_system/d3_4_system_output.py,M,49,VoiceOutputManager.start,2,A
serin/d1_2_gateway_io/d2_2_voice_system/d3_4_system_output.py,M,58,VoiceOutputManager.stop,2,A
serin/d1_2_gateway_io/d2_2_voice_system/d3_4_system_output.py,M,21,VoiceOutputManager.__init__,1,A
serin/d1_2_gateway_io/d2_2_voice_system/d3_2_bridge_io/d4_2_bridge_commands.py,F,20,send_tts_audio,4,A
serin/d1_2_gateway_io/d2_2_voice_system/d3_2_bridge_io/d4_2_bridge_commands.py,F,45,interrupt,4,A
serin/d1_2_gateway_io/d2_2_voice_system/d3_2_bridge_io/d4_2_bridge_commands.py,F,80,start_with_info,4,A
serin/d1_2_gateway_io/d2_2_voice_system/d3_2_bridge_io/d4_2_bridge_commands.py,F,60,_write_stdin,3,A
serin/d1_2_gateway_io/d2_2_voice_system/d3_2_bridge_io/d4_2_bridge_commands.py,F,159,is_running,2,A
serin/d1_2_gateway_io/d2_2_voice_system/d3_2_bridge_io/d4_2_bridge_commands.py,F,164,get_stats,1,A
serin/d1_2_gateway_io/d2_2_voice_system/d3_2_bridge_io/d4_3_bridge_recovery.py,F,65,_supervise_rust_process,14,C
serin/d1_2_gateway_io/d2_2_voice_system/d3_2_bridge_io/d4_3_bridge_recovery.py,F,22,_handle_process_death,5,A
serin/d1_2_gateway_io/d2_2_voice_system/d3_2_bridge_io/d4_3_bridge_recovery.py,F,163,_start_stderr_reader,3,A
serin/d1_2_gateway_io/d2_2_voice_system/d3_2_bridge_io/d4_3_bridge_recovery.py,F,146,set_reconnect_callback,1,A
serin/d1_2_gateway_io/d2_2_voice_system/d3_2_bridge_io/d4_3_bridge_recovery.py,F,202,set_username,1,A
serin/d1_2_gateway_io/d2_2_voice_system/d3_2_bridge_io/d4_1_io_bridge.py,M,73,RustStdoutReader.read_loop,15,C
serin/d1_2_gateway_io/d2_2_voice_system/d3_2_bridge_io/d4_1_io_bridge.py,C,52,RustStdoutReader,8,B
serin/d1_2_gateway_io/d2_2_voice_system/d3_2_bridge_io/d4_1_io_bridge.py,M,134,RustStdoutReader.get,4,A
serin/d1_2_gateway_io/d2_2_voice_system/d3_2_bridge_io/d4_1_io_bridge.py,M,69,RustStdoutReader.__init__,1,A
serin/d1_2_gateway_io/d2_2_voice_system/d3_2_bridge_io/d4_4_process_watch/d5_2_process_watch_io.py,M,98,RustVoiceBridgeIOMixin._read_loop,10,B
serin/d1_2_gateway_io/d2_2_voice_system/d3_2_bridge_io/d4_4_process_watch/d5_2_process_watch_io.py,M,46,RustVoiceBridgeIOMixin._extract_voice_info,8,B
serin/d1_2_gateway_io/d2_2_voice_system/d3_2_bridge_io/d4_4_process_watch/d5_2_process_watch_io.py,C,23,RustVoiceBridgeIOMixin,7,B
serin/d1_2_gateway_io/d2_2_voice_system/d3_2_bridge_io/d4_4_process_watch/d5_2_process_watch_io.py,M,27,RustVoiceBridgeIOMixin._start_stderr_reader,1,A
serin/d1_2_gateway_io/d2_2_voice_system/d3_2_bridge_io/d4_4_process_watch/d5_1_process_watch.py,M,292,RustVoiceBridge._resolve_username_from_vc,12,C
serin/d1_2_gateway_io/d2_2_voice_system/d3_2_bridge_io/d4_4_process_watch/d5_1_process_watch.py,M,212,RustVoiceBridge.stop,9,B
serin/d1_2_gateway_io/d2_2_voice_system/d3_2_bridge_io/d4_4_process_watch/d5_1_process_watch.py,M,116,RustVoiceBridge.start,7,B
serin/d1_2_gateway_io/d2_2_voice_system/d3_2_bridge_io/d4_4_process_watch/d5_1_process_watch.py,C,32,RustVoiceBridge,6,B
serin/d1_2_gateway_io/d2_2_voice_system/d3_2_bridge_io/d4_4_process_watch/d5_1_process_watch.py,M,248,RustVoiceBridge._handle_audio,6,B
serin/d1_2_gateway_io/d2_2_voice_system/d3_2_bridge_io/d4_4_process_watch/d5_1_process_watch.py,M,329,RustVoiceBridge._handle_leave,5,A
serin/d1_2_gateway_io/d2_2_voice_system/d3_2_bridge_io/d4_4_process_watch/d5_1_process_watch.py,M,345,RustVoiceBridge.get_stats,5,A
serin/d1_2_gateway_io/d2_2_voice_system/d3_2_bridge_io/d4_4_process_watch/d5_1_process_watch.py,M,364,RustVoiceBridge._handle_tts_done,3,A
serin/d1_2_gateway_io/d2_2_voice_system/d3_2_bridge_io/d4_4_process_watch/d5_1_process_watch.py,M,52,RustVoiceBridge.__init__,2,A
serin/d1_2_gateway_io/d2_2_voice_system/d3_2_bridge_io/d4_4_process_watch/d5_1_process_watch.py,M,240,RustVoiceBridge._supervise_rust_process,2,A
serin/d1_2_gateway_io/d2_2_voice_system/d3_2_bridge_io/d4_4_process_watch/d5_1_process_watch.py,M,282,RustVoiceBridge._handle_join,2,A
serin/d1_2_gateway_io/d2_2_voice_system/d3_2_bridge_io/d4_4_process_watch/d5_1_process_watch.py,M,339,RustVoiceBridge._handle_process_death,1,A
serin/d1_2_gateway_io/d2_2_voice_system/d3_1_system_audio/d4_3_audio_utils.py,F,140,process_audio_chunk,14,C
serin/d1_2_gateway_io/d2_2_voice_system/d3_1_system_audio/d4_3_audio_utils.py,F,67,_transcribe_with_gemma,4,A
serin/d1_2_gateway_io/d2_2_voice_system/d3_1_system_audio/d4_3_audio_utils.py,F,15,_pcm_to_wav_base64,3,A
serin/d1_2_gateway_io/d2_2_voice_system/d3_1_system_audio/d4_3_audio_utils.py,F,123,start,2,A
serin/d1_2_gateway_io/d2_2_voice_system/d3_1_system_audio/d4_3_audio_utils.py,F,133,stop,2,A
serin/d1_2_gateway_io/d2_2_voice_system/d3_1_system_audio/d4_2_audio_transcribe.py,F,11,_transcribe_and_store,23,D
serin/d1_2_gateway_io/d2_2_voice_system/d3_1_system_audio/d4_2_audio_transcribe.py,F,185,get_buffer_size,2,A
serin/d1_2_gateway_io/d2_2_voice_system/d3_1_system_audio/d4_2_audio_transcribe.py,F,163,check_interrupt,1,A
serin/d1_2_gateway_io/d2_2_voice_system/d3_1_system_audio/d4_2_audio_transcribe.py,F,179,get_active_speakers,1,A
serin/d1_2_gateway_io/d2_2_voice_system/d3_1_system_audio/d4_2_audio_transcribe.py,F,192,get_stats,1,A
serin/d1_2_gateway_io/d2_2_voice_system/d3_1_system_audio/d4_4_audio_vad.py,F,42,_queue_for_transcription,7,B
serin/d1_2_gateway_io/d2_2_voice_system/d3_1_system_audio/d4_4_audio_vad.py,F,212,_flush_buffered_audio,5,A
serin/d1_2_gateway_io/d2_2_voice_system/d3_1_system_audio/d4_4_audio_vad.py,F,259,_process_queue,5,A
serin/d1_2_gateway_io/d2_2_voice_system/d3_1_system_audio/d4_4_audio_vad.py,F,133,_cancel_silence_timer,3,A
serin/d1_2_gateway_io/d2_2_voice_system/d3_1_system_audio/d4_4_audio_vad.py,F,14,_detect_voice_activity,2,A
serin/d1_2_gateway_io/d2_2_voice_system/d3_1_system_audio/d4_4_audio_vad.py,F,139,_schedule_silence_timer,2,A
serin/d1_2_gateway_io/d2_2_voice_system/d3_1_system_audio/d4_4_audio_vad.py,F,181,_is_locked,2,A
serin/d1_2_gateway_io/d2_2_voice_system/d3_1_system_audio/d4_4_audio_vad.py,F,200,_release_lock,1,A
serin/d1_2_gateway_io/d2_2_voice_system/d3_1_system_audio/d4_4_audio_vad.py,F,239,_set_lock,1,A
serin/d1_2_gateway_io/d2_2_voice_system/d3_1_system_audio/d4_1_audio_process/d5_1_audio_processor.py,M,52,AudioStreamProcessor.__init__,4,A
serin/d1_2_gateway_io/d2_2_voice_system/d3_1_system_audio/d4_1_audio_process/d5_1_audio_processor.py,C,32,AudioStreamProcessor,2,A
serin/d1_2_gateway_io/d2_2_voice_system/d3_1_system_audio/d4_1_audio_process/d5_1_audio_processor.py,F,16,_rand,1,A
serin/d1_2_gateway_io/d2_2_voice_system/d3_1_system_audio/d4_1_audio_process/d5_1_audio_processor.py,F,19,_uniform,1,A
serin/d1_2_gateway_io/d2_2_voice_system/d3_1_system_audio/d4_1_audio_process/d5_1_audio_processor.py,M,138,AudioStreamProcessor._detect_voice_activity,1,A
serin/d1_2_gateway_io/d2_2_voice_system/d3_1_system_audio/d4_1_audio_process/d5_1_audio_processor.py,M,144,AudioStreamProcessor.process_audio_chunk,1,A
serin/d1_2_gateway_io/d2_2_voice_system/d3_1_system_audio/d4_1_audio_process/d5_1_audio_processor.py,M,150,AudioStreamProcessor._queue_for_transcription,1,A
serin/d1_2_gateway_io/d2_2_voice_system/d3_1_system_audio/d4_1_audio_process/d5_1_audio_processor.py,M,156,AudioStreamProcessor._cancel_silence_timer,1,A
serin/d1_2_gateway_io/d2_2_voice_system/d3_1_system_audio/d4_1_audio_process/d5_1_audio_processor.py,M,162,AudioStreamProcessor._schedule_silence_timer,1,A
serin/d1_2_gateway_io/d2_2_voice_system/d3_1_system_audio/d4_1_audio_process/d5_1_audio_processor.py,M,168,AudioStreamProcessor._is_locked,1,A
serin/d1_2_gateway_io/d2_2_voice_system/d3_1_system_audio/d4_1_audio_process/d5_1_audio_processor.py,M,174,AudioStreamProcessor._release_lock,1,A
serin/d1_2_gateway_io/d2_2_voice_system/d3_1_system_audio/d4_1_audio_process/d5_1_audio_processor.py,M,180,AudioStreamProcessor._flush_buffered_audio,1,A
serin/d1_2_gateway_io/d2_2_voice_system/d3_1_system_audio/d4_1_audio_process/d5_1_audio_processor.py,M,186,AudioStreamProcessor._set_lock,1,A
serin/d1_2_gateway_io/d2_2_voice_system/d3_1_system_audio/d4_1_audio_process/d5_1_audio_processor.py,M,193,AudioStreamProcessor._pcm_to_wav_base64,1,A
serin/d1_2_gateway_io/d2_2_voice_system/d3_1_system_audio/d4_1_audio_process/d5_1_audio_processor.py,M,199,AudioStreamProcessor._transcribe_with_gemma,1,A
serin/d1_2_gateway_io/d2_2_voice_system/d3_1_system_audio/d4_1_audio_process/d5_1_audio_processor.py,M,205,AudioStreamProcessor._process_queue,1,A
serin/d1_2_gateway_io/d2_2_voice_system/d3_1_system_audio/d4_1_audio_process/d5_1_audio_processor.py,M,211,AudioStreamProcessor._transcribe_and_store,1,A
serin/d1_2_gateway_io/d2_2_voice_system/d3_1_system_audio/d4_1_audio_process/d5_1_audio_processor.py,M,217,AudioStreamProcessor.check_interrupt,1,A
serin/d1_2_gateway_io/d2_2_voice_system/d3_1_system_audio/d4_1_audio_process/d5_1_audio_processor.py,M,223,AudioStreamProcessor.get_active_speakers,1,A
serin/d1_2_gateway_io/d2_2_voice_system/d3_1_system_audio/d4_1_audio_process/d5_1_audio_processor.py,M,229,AudioStreamProcessor.get_buffer_size,1,A
serin/d1_2_gateway_io/d2_2_voice_system/d3_1_system_audio/d4_1_audio_process/d5_1_audio_processor.py,M,235,AudioStreamProcessor.get_stats,1,A
serin/d1_2_gateway_io/d2_2_voice_system/d3_1_system_audio/d4_1_audio_process/d5_1_audio_processor.py,M,241,AudioStreamProcessor.start,1,A
serin/d1_2_gateway_io/d2_2_voice_system/d3_1_system_audio/d4_1_audio_process/d5_1_audio_processor.py,M,247,AudioStreamProcessor.stop,1,A
serin/d1_2_gateway_io/d2_2_voice_system/d3_1_system_audio/d4_1_audio_process/d5_2_voice_behavior.py,M,171,VoiceBehaviorManager._evaluate_pending_joins,12,C
serin/d1_2_gateway_io/d2_2_voice_system/d3_1_system_audio/d4_1_audio_process/d5_2_voice_behavior.py,M,245,VoiceBehaviorManager._check_leave_conditions,11,C
serin/d1_2_gateway_io/d2_2_voice_system/d3_1_system_audio/d4_1_audio_process/d5_2_voice_behavior.py,C,14,VoiceBehaviorManager,5,A
serin/d1_2_gateway_io/d2_2_voice_system/d3_1_system_audio/d4_1_audio_process/d5_2_voice_behavior.py,M,155,VoiceBehaviorManager._behavior_check_loop,4,A
serin/d1_2_gateway_io/d2_2_voice_system/d3_1_system_audio/d4_1_audio_process/d5_2_voice_behavior.py,M,296,VoiceBehaviorManager.update_settings,4,A
serin/d1_2_gateway_io/d2_2_voice_system/d3_1_system_audio/d4_1_audio_process/d5_2_voice_behavior.py,M,102,VoiceBehaviorManager.on_user_joined_vc,3,A
serin/d1_2_gateway_io/d2_2_voice_system/d3_1_system_audio/d4_1_audio_process/d5_2_voice_behavior.py,M,34,VoiceBehaviorManager.__init__,2,A
serin/d1_2_gateway_io/d2_2_voice_system/d3_1_system_audio/d4_1_audio_process/d5_2_voice_behavior.py,M,86,VoiceBehaviorManager.start,2,A
serin/d1_2_gateway_io/d2_2_voice_system/d3_1_system_audio/d4_1_audio_process/d5_2_voice_behavior.py,M,94,VoiceBehaviorManager.stop,2,A
serin/d1_2_gateway_io/d2_2_voice_system/d3_1_system_audio/d4_1_audio_process/d5_2_voice_behavior.py,M,151,VoiceBehaviorManager.track_speech,1,A
serin/d1_2_gateway_io/d2_2_voice_system/d3_1_system_audio/d4_1_audio_process/d5_2_voice_behavior.py,M,287,VoiceBehaviorManager.get_settings,1,A
serin/d1_2_gateway_io/d2_2_voice_system/d3_1_system_audio/d4_1_audio_process/d5_2_voice_behavior.py,M,311,VoiceBehaviorManager.get_stats,1,A
serin/d1_2_gateway_io/d2_3_voice_transcribe/d3_4_transcribe_transcriber.py,M,95,WhisperTranscriber.transcribe,6,B
serin/d1_2_gateway_io/d2_3_voice_transcribe/d3_4_transcribe_transcriber.py,C,32,WhisperTranscriber,4,A
serin/d1_2_gateway_io/d2_3_voice_transcribe/d3_4_transcribe_transcriber.py,M,33,WhisperTranscriber.__init__,3,A
serin/d1_2_gateway_io/d2_3_voice_transcribe/d3_4_transcribe_transcriber.py,M,70,WhisperTranscriber.load_model,3,A
serin/d1_2_gateway_io/d2_3_voice_transcribe/d3_4_transcribe_transcriber.py,M,165,WhisperTranscriber._resample_audio,2,A
serin/d1_2_gateway_io/d2_3_voice_transcribe/d3_4_transcribe_transcriber.py,M,192,WhisperTranscriber.get_stats,1,A
serin/d1_2_gateway_io/d2_3_voice_transcribe/d3_2_transcribe_decider.py,M,110,VoiceActionDecider._parse_decision,6,B
serin/d1_2_gateway_io/d2_3_voice_transcribe/d3_2_transcribe_decider.py,M,27,VoiceActionDecider.decide,5,A
serin/d1_2_gateway_io/d2_3_voice_transcribe/d3_2_transcribe_decider.py,C,15,VoiceActionDecider,4,A
serin/d1_2_gateway_io/d2_3_voice_transcribe/d3_2_transcribe_decider.py,M,65,VoiceActionDecider._has_voice_intent,2,A
serin/d1_2_gateway_io/d2_3_voice_transcribe/d3_2_transcribe_decider.py,M,23,VoiceActionDecider.__init__,1,A
serin/d1_2_gateway_io/d2_3_voice_transcribe/d3_2_transcribe_decider.py,M,75,VoiceActionDecider._build_prompt,1,A
serin/d1_2_gateway_io/d2_3_voice_transcribe/d3_3_transcribe_pipeline.py,M,50,VoiceMemoryPipeline.process_voice_message,8,B
serin/d1_2_gateway_io/d2_3_voice_transcribe/d3_3_transcribe_pipeline.py,C,22,VoiceMemoryPipeline,3,A
serin/d1_2_gateway_io/d2_3_voice_transcribe/d3_3_transcribe_pipeline.py,M,169,VoiceMemoryPipeline.get_recent_context,2,A
serin/d1_2_gateway_io/d2_3_voice_transcribe/d3_3_transcribe_pipeline.py,M,23,VoiceMemoryPipeline.__init__,1,A
serin/d1_2_gateway_io/d2_3_voice_transcribe/d3_3_transcribe_pipeline.py,M,156,VoiceMemoryPipeline._should_respond_to_voice,1,A
serin/d1_2_gateway_io/d2_3_voice_transcribe/d3_3_transcribe_pipeline.py,M,184,VoiceMemoryPipeline.get_stats,1,A
serin/d1_2_gateway_io/d2_3_voice_transcribe/d3_1_transcribe_models/d4_1_models_profiles.py,M,147,VoiceProfileManager.remove_profile,3,A
serin/d1_2_gateway_io/d2_3_voice_transcribe/d3_1_transcribe_models/d4_1_models_profiles.py,F,241,get_profile_manager,2,A
serin/d1_2_gateway_io/d2_3_voice_transcribe/d3_1_transcribe_models/d4_1_models_profiles.py,C,12,VoiceProfile,2,A
serin/d1_2_gateway_io/d2_3_voice_transcribe/d3_1_transcribe_models/d4_1_models_profiles.py,C,46,VoiceProfileManager,2,A
serin/d1_2_gateway_io/d2_3_voice_transcribe/d3_1_transcribe_models/d4_1_models_profiles.py,M,159,VoiceProfileManager.set_active,2,A
serin/d1_2_gateway_io/d2_3_voice_transcribe/d3_1_transcribe_models/d4_1_models_profiles.py,M,175,VoiceProfileManager.get_profile_for_mood,2,A
serin/d1_2_gateway_io/d2_3_voice_transcribe/d3_1_transcribe_models/d4_1_models_profiles.py,F,249,get_voice_profiles,1,A
serin/d1_2_gateway_io/d2_3_voice_transcribe/d3_1_transcribe_models/d4_1_models_profiles.py,F,254,get_active_profile_name,1,A
serin/d1_2_gateway_io/d2_3_voice_transcribe/d3_1_transcribe_models/d4_1_models_profiles.py,F,259,create_profile,1,A
serin/d1_2_gateway_io/d2_3_voice_transcribe/d3_1_transcribe_models/d4_1_models_profiles.py,F,264,set_active_profile,1,A
serin/d1_2_gateway_io/d2_3_voice_transcribe/d3_1_transcribe_models/d4_1_models_profiles.py,F,269,delete_profile,1,A
serin/d1_2_gateway_io/d2_3_voice_transcribe/d3_1_transcribe_models/d4_1_models_profiles.py,M,15,VoiceProfile.__init__,1,A
serin/d1_2_gateway_io/d2_3_voice_transcribe/d3_1_transcribe_models/d4_1_models_profiles.py,M,31,VoiceProfile.to_dict,1,A
serin/d1_2_gateway_io/d2_3_voice_transcribe/d3_1_transcribe_models/d4_1_models_profiles.py,M,42,VoiceProfile.__repr__,1,A
serin/d1_2_gateway_io/d2_3_voice_transcribe/d3_1_transcribe_models/d4_1_models_profiles.py,M,49,VoiceProfileManager.__init__,1,A
serin/d1_2_gateway_io/d2_3_voice_transcribe/d3_1_transcribe_models/d4_1_models_profiles.py,M,59,VoiceProfileManager._load_default_profiles,1,A
serin/d1_2_gateway_io/d2_3_voice_transcribe/d3_1_transcribe_models/d4_1_models_profiles.py,M,142,VoiceProfileManager.add_profile,1,A
serin/d1_2_gateway_io/d2_3_voice_transcribe/d3_1_transcribe_models/d4_1_models_profiles.py,M,155,VoiceProfileManager.get_profile,1,A
serin/d1_2_gateway_io/d2_3_voice_transcribe/d3_1_transcribe_models/d4_1_models_profiles.py,M,167,VoiceProfileManager.get_active,1,A
serin/d1_2_gateway_io/d2_3_voice_transcribe/d3_1_transcribe_models/d4_1_models_profiles.py,M,171,VoiceProfileManager.list_profiles,1,A
serin/d1_2_gateway_io/d2_3_voice_transcribe/d3_1_transcribe_models/d4_1_models_profiles.py,M,200,VoiceProfileManager.create_custom_profile,1,A
serin/d1_2_gateway_io/d2_3_voice_transcribe/d3_1_transcribe_models/d4_1_models_profiles.py,M,228,VoiceProfileManager.get_stats,1,A
serin/d1_2_gateway_io/d2_3_voice_transcribe/d3_1_transcribe_models/d4_2_models_tracker.py,M,38,VoiceTracker.on_voice_update,15,C
serin/d1_2_gateway_io/d2_3_voice_transcribe/d3_1_transcribe_models/d4_2_models_tracker.py,M,106,VoiceTracker._handle_leave,6,B
serin/d1_2_gateway_io/d2_3_voice_transcribe/d3_1_transcribe_models/d4_2_models_tracker.py,F,284,get_voice_duration_reaction,5,A
serin/d1_2_gateway_io/d2_3_voice_transcribe/d3_1_transcribe_models/d4_2_models_tracker.py,C,19,VoiceTracker,4,A
serin/d1_2_gateway_io/d2_3_voice_transcribe/d3_1_transcribe_models/d4_2_models_tracker.py,M,185,VoiceTracker.get_voice_info,3,A
serin/d1_2_gateway_io/d2_3_voice_transcribe/d3_1_transcribe_models/d4_2_models_tracker.py,F,274,get_voice_join_reaction,2,A
serin/d1_2_gateway_io/d2_3_voice_transcribe/d3_1_transcribe_models/d4_2_models_tracker.py,M,148,VoiceTracker._handle_switch,2,A
serin/d1_2_gateway_io/d2_3_voice_transcribe/d3_1_transcribe_models/d4_2_models_tracker.py,M,216,VoiceTracker.get_all_in_voice,2,A
serin/d1_2_gateway_io/d2_3_voice_transcribe/d3_1_transcribe_models/d4_2_models_tracker.py,M,228,VoiceTracker.get_voice_duration,2,A
serin/d1_2_gateway_io/d2_3_voice_transcribe/d3_1_transcribe_models/d4_2_models_tracker.py,F,15,_rand,1,A
serin/d1_2_gateway_io/d2_3_voice_transcribe/d3_1_transcribe_models/d4_2_models_tracker.py,M,25,VoiceTracker.__init__,1,A
serin/d1_2_gateway_io/d2_3_voice_transcribe/d3_1_transcribe_models/d4_2_models_tracker.py,M,76,VoiceTracker._handle_join,1,A
serin/d1_2_gateway_io/d2_3_voice_transcribe/d3_1_transcribe_models/d4_2_models_tracker.py,M,173,VoiceTracker.is_in_voice,1,A
serin/d1_2_gateway_io/d2_3_voice_transcribe/d3_1_transcribe_models/d4_2_models_tracker.py,M,244,VoiceTracker.get_stats,1,A
serin/d1_4_config_base/d2_1_base_config.py,M,138,BotConfig.update_from_dict,10,B
serin/d1_4_config_base/d2_1_base_config.py,C,28,BotConfig,6,B
serin/d1_4_config_base/d2_1_base_config.py,M,37,BotConfig.__init__,6,B
serin/d1_4_config_base/d2_1_base_config.py,M,31,BotConfig.__new__,2,A
serin/d1_4_config_base/d2_1_base_config.py,M,115,BotConfig.to_dict,1,A
serin/d1_4_config_base/d2_2_debug_logger.py,M,36,DebugLogger.log_context_built,9,B
serin/d1_4_config_base/d2_2_debug_logger.py,C,13,DebugLogger,4,A
serin/d1_4_config_base/d2_2_debug_logger.py,M,71,DebugLogger.log_llm_input,4,A
serin/d1_4_config_base/d2_2_debug_logger.py,M,21,DebugLogger.log_message_received,3,A
serin/d1_4_config_base/d2_2_debug_logger.py,M,96,DebugLogger.log_llm_output,3,A
serin/d1_4_config_base/d2_2_debug_logger.py,M,130,DebugLogger.log_background_summary,3,A
serin/d1_4_config_base/d2_2_debug_logger.py,M,160,DebugLogger.log_response_decision,3,A
serin/d1_4_config_base/d2_2_debug_logger.py,M,173,DebugLogger.log_voice_event,3,A
serin/d1_4_config_base/d2_2_debug_logger.py,M,113,DebugLogger.log_memory_stored,2,A
serin/d1_4_config_base/d2_2_debug_logger.py,M,145,DebugLogger.log_correction_detected,2,A
serin/d1_4_config_base/d2_2_debug_logger.py,F,194,log_message,1,A
serin/d1_4_config_base/d2_2_debug_logger.py,F,199,log_memory,1,A
serin/d1_4_config_base/d2_2_debug_logger.py,F,204,log_summary,1,A
serin/d1_4_config_base/d2_2_debug_logger.py,F,209,log_correction,1,A
serin/d1_4_config_base/d2_2_debug_logger.py,F,214,log_voice,1,A
serin/d1_4_config_base/d2_2_debug_logger.py,M,16,DebugLogger.__init__,1,A
serin/d1_4_config_base/d2_3_core_logger.py,C,58,JSONFormatter,8,B
serin/d1_4_config_base/d2_3_core_logger.py,F,122,setup_logging,7,B
serin/d1_4_config_base/d2_3_core_logger.py,M,63,JSONFormatter.format,7,B
serin/d1_4_config_base/d2_3_core_logger.py,C,99,ColoredFormatter,4,A
serin/d1_4_config_base/d2_3_core_logger.py,C,48,ContextFilter,3,A
serin/d1_4_config_base/d2_3_core_logger.py,M,112,ColoredFormatter.format,3,A
serin/d1_4_config_base/d2_3_core_logger.py,F,30,success,2,A
serin/d1_4_config_base/d2_3_core_logger.py,C,38,LoggerProtocol,2,A
serin/d1_4_config_base/d2_3_core_logger.py,M,51,ContextFilter.filter,2,A
serin/d1_4_config_base/d2_3_core_logger.py,C,90,TextFormatter,2,A
serin/d1_4_config_base/d2_3_core_logger.py,F,198,get_correlation_id,1,A
serin/d1_4_config_base/d2_3_core_logger.py,M,39,LoggerProtocol.debug,1,A
serin/d1_4_config_base/d2_3_core_logger.py,M,40,LoggerProtocol.info,1,A
serin/d1_4_config_base/d2_3_core_logger.py,M,41,LoggerProtocol.warning,1,A
serin/d1_4_config_base/d2_3_core_logger.py,M,42,LoggerProtocol.error,1,A
serin/d1_4_config_base/d2_3_core_logger.py,M,43,LoggerProtocol.exception,1,A
serin/d1_4_config_base/d2_3_core_logger.py,M,44,LoggerProtocol.critical,1,A
serin/d1_4_config_base/d2_3_core_logger.py,M,45,LoggerProtocol.success,1,A
serin/d1_4_config_base/d2_3_core_logger.py,M,93,TextFormatter.__init__,1,A
serin/d1_3_state_core/d2_4_core_voice/d3_1_mention_translator.py,C,16,MentionTranslator,3,A
serin/d1_3_state_core/d2_4_core_voice/d3_1_mention_translator.py,M,30,MentionTranslator.update_cache,3,A
serin/d1_3_state_core/d2_4_core_voice/d3_1_mention_translator.py,M,54,MentionTranslator.clean_for_bot,3,A
serin/d1_3_state_core/d2_4_core_voice/d3_1_mention_translator.py,M,108,MentionTranslator.restore_for_discord,3,A
serin/d1_3_state_core/d2_4_core_voice/d3_1_mention_translator.py,M,201,MentionTranslator.cache_guild_members,3,A
serin/d1_3_state_core/d2_4_core_voice/d3_1_mention_translator.py,M,158,MentionTranslator.clean_bot_self_mention,2,A
serin/d1_3_state_core/d2_4_core_voice/d3_1_mention_translator.py,M,17,MentionTranslator.__init__,1,A
serin/d1_3_state_core/d2_4_core_voice/d3_1_mention_translator.py,M,177,MentionTranslator.get_user_info,1,A
serin/d1_3_state_core/d2_4_core_voice/d3_1_mention_translator.py,M,189,MentionTranslator.get_user_id,1,A
serin/d1_3_state_core/d2_4_core_voice/d3_1_mention_translator.py,M,222,MentionTranslator.get_stats,1,A
serin/d1_3_state_core/d2_4_core_voice/d3_2_voice_decider.py,M,103,VoiceActionDecider._parse_decision,8,B
serin/d1_3_state_core/d2_4_core_voice/d3_2_voice_decider.py,M,27,VoiceActionDecider.decide,5,A
serin/d1_3_state_core/d2_4_core_voice/d3_2_voice_decider.py,C,15,VoiceActionDecider,4,A
serin/d1_3_state_core/d2_4_core_voice/d3_2_voice_decider.py,M,66,VoiceActionDecider._has_voice_intent,2,A
serin/d1_3_state_core/d2_4_core_voice/d3_2_voice_decider.py,M,23,VoiceActionDecider.__init__,1,A
serin/d1_3_state_core/d2_4_core_voice/d3_2_voice_decider.py,M,76,VoiceActionDecider._build_messages,1,A
serin/d1_3_state_core/d2_4_core_voice/d3_4_voice_tracker.py,M,38,VoiceTracker.on_voice_update,15,C
serin/d1_3_state_core/d2_4_core_voice/d3_4_voice_tracker.py,M,106,VoiceTracker._handle_leave,6,B
serin/d1_3_state_core/d2_4_core_voice/d3_4_voice_tracker.py,F,284,get_voice_duration_reaction,5,A
serin/d1_3_state_core/d2_4_core_voice/d3_4_voice_tracker.py,C,19,VoiceTracker,4,A
serin/d1_3_state_core/d2_4_core_voice/d3_4_voice_tracker.py,M,185,VoiceTracker.get_voice_info,3,A
serin/d1_3_state_core/d2_4_core_voice/d3_4_voice_tracker.py,F,274,get_voice_join_reaction,2,A
serin/d1_3_state_core/d2_4_core_voice/d3_4_voice_tracker.py,M,148,VoiceTracker._handle_switch,2,A
serin/d1_3_state_core/d2_4_core_voice/d3_4_voice_tracker.py,M,216,VoiceTracker.get_all_in_voice,2,A
serin/d1_3_state_core/d2_4_core_voice/d3_4_voice_tracker.py,M,228,VoiceTracker.get_voice_duration,2,A
serin/d1_3_state_core/d2_4_core_voice/d3_4_voice_tracker.py,F,15,_rand,1,A
serin/d1_3_state_core/d2_4_core_voice/d3_4_voice_tracker.py,M,25,VoiceTracker.__init__,1,A
serin/d1_3_state_core/d2_4_core_voice/d3_4_voice_tracker.py,M,76,VoiceTracker._handle_join,1,A
serin/d1_3_state_core/d2_4_core_voice/d3_4_voice_tracker.py,M,173,VoiceTracker.is_in_voice,1,A
serin/d1_3_state_core/d2_4_core_voice/d3_4_voice_tracker.py,M,244,VoiceTracker.get_stats,1,A
serin/d1_3_state_core/d2_4_core_voice/d3_3_voice_profiles.py,M,147,VoiceProfileManager.remove_profile,3,A
serin/d1_3_state_core/d2_4_core_voice/d3_3_voice_profiles.py,F,241,get_profile_manager,2,A
serin/d1_3_state_core/d2_4_core_voice/d3_3_voice_profiles.py,C,12,VoiceProfile,2,A
serin/d1_3_state_core/d2_4_core_voice/d3_3_voice_profiles.py,C,46,VoiceProfileManager,2,A
serin/d1_3_state_core/d2_4_core_voice/d3_3_voice_profiles.py,M,159,VoiceProfileManager.set_active,2,A
serin/d1_3_state_core/d2_4_core_voice/d3_3_voice_profiles.py,M,175,VoiceProfileManager.get_profile_for_mood,2,A
serin/d1_3_state_core/d2_4_core_voice/d3_3_voice_profiles.py,F,249,get_voice_profiles,1,A
serin/d1_3_state_core/d2_4_core_voice/d3_3_voice_profiles.py,F,254,get_active_profile_name,1,A
serin/d1_3_state_core/d2_4_core_voice/d3_3_voice_profiles.py,F,259,create_profile,1,A
serin/d1_3_state_core/d2_4_core_voice/d3_3_voice_profiles.py,F,264,set_active_profile,1,A
serin/d1_3_state_core/d2_4_core_voice/d3_3_voice_profiles.py,F,269,delete_profile,1,A
serin/d1_3_state_core/d2_4_core_voice/d3_3_voice_profiles.py,M,15,VoiceProfile.__init__,1,A
serin/d1_3_state_core/d2_4_core_voice/d3_3_voice_profiles.py,M,31,VoiceProfile.to_dict,1,A
serin/d1_3_state_core/d2_4_core_voice/d3_3_voice_profiles.py,M,42,VoiceProfile.__repr__,1,A
serin/d1_3_state_core/d2_4_core_voice/d3_3_voice_profiles.py,M,49,VoiceProfileManager.__init__,1,A
serin/d1_3_state_core/d2_4_core_voice/d3_3_voice_profiles.py,M,59,VoiceProfileManager._load_default_profiles,1,A
serin/d1_3_state_core/d2_4_core_voice/d3_3_voice_profiles.py,M,142,VoiceProfileManager.add_profile,1,A
serin/d1_3_state_core/d2_4_core_voice/d3_3_voice_profiles.py,M,155,VoiceProfileManager.get_profile,1,A
serin/d1_3_state_core/d2_4_core_voice/d3_3_voice_profiles.py,M,167,VoiceProfileManager.get_active,1,A
serin/d1_3_state_core/d2_4_core_voice/d3_3_voice_profiles.py,M,171,VoiceProfileManager.list_profiles,1,A
serin/d1_3_state_core/d2_4_core_voice/d3_3_voice_profiles.py,M,200,VoiceProfileManager.create_custom_profile,1,A
serin/d1_3_state_core/d2_4_core_voice/d3_3_voice_profiles.py,M,228,VoiceProfileManager.get_stats,1,A
serin/d1_3_state_core/d2_2_core_memory/d3_1_belief_store.py,M,148,BeliefStore.infer_beliefs_from_facts,19,C
serin/d1_3_state_core/d2_2_core_memory/d3_1_belief_store.py,M,43,BeliefStore.add_or_update_belief,18,C
serin/d1_3_state_core/d2_2_core_memory/d3_1_belief_store.py,C,35,BeliefStore,13,C
serin/d1_3_state_core/d2_2_core_memory/d3_1_belief_store.py,M,215,BeliefStore.get_relevant_beliefs,9,B
serin/d1_3_state_core/d2_2_core_memory/d3_1_belief_store.py,F,31,_build_search_query,1,A
serin/d1_3_state_core/d2_2_core_memory/d3_1_belief_store.py,M,38,BeliefStore.__init__,1,A
serin/d1_3_state_core/d2_2_core_memory/d3_3_belief_dynamics.py,M,114,BayesianBeliefEngine.observe,15,C
serin/d1_3_state_core/d2_2_core_memory/d3_3_belief_dynamics.py,M,307,BayesianBeliefEngine.get_confidence_label,8,B
serin/d1_3_state_core/d2_2_core_memory/d3_3_belief_dynamics.py,M,98,BayesianBeliefEngine._map_source,6,B
serin/d1_3_state_core/d2_2_core_memory/d3_3_belief_dynamics.py,C,18,BayesianBeliefEngine,5,A
serin/d1_3_state_core/d2_2_core_memory/d3_3_belief_dynamics.py,M,58,BayesianBeliefEngine.apply_temporal_decay,5,A
serin/d1_3_state_core/d2_2_core_memory/d3_3_belief_dynamics.py,M,46,BayesianBeliefEngine._sigmoid,3,A
serin/d1_3_state_core/d2_2_core_memory/d3_3_belief_dynamics.py,M,215,BayesianBeliefEngine.store_fact,3,A
serin/d1_3_state_core/d2_2_core_memory/d3_3_belief_dynamics.py,M,273,BayesianBeliefEngine.get_facts_for_user,3,A
serin/d1_3_state_core/d2_2_core_memory/d3_3_belief_dynamics.py,M,321,BayesianBeliefEngine.apply_decay_batch,3,A
serin/d1_3_state_core/d2_2_core_memory/d3_3_belief_dynamics.py,M,35,BayesianBeliefEngine.__init__,1,A
serin/d1_3_state_core/d2_2_core_memory/d3_3_belief_dynamics.py,M,41,BayesianBeliefEngine._log_odds,1,A
serin/d1_3_state_core/d2_2_core_memory/d3_3_belief_dynamics.py,M,53,BayesianBeliefEngine._decay_rate,1,A
serin/d1_3_state_core/d2_2_core_memory/d3_4_memory_store.py,M,52,QdrantMemorySystem.__init__,10,B
serin/d1_3_state_core/d2_2_core_memory/d3_4_memory_store.py,M,149,QdrantMemorySystem._handle_corruption,7,B
serin/d1_3_state_core/d2_2_core_memory/d3_4_memory_store.py,C,51,QdrantMemorySystem,5,A
serin/d1_3_state_core/d2_2_core_memory/d3_4_memory_store.py,M,169,QdrantMemorySystem._init_sqlite_schema,4,A
serin/d1_3_state_core/d2_2_core_memory/d3_4_memory_store.py,M,359,QdrantMemorySystem._setup_collection,4,A
serin/d1_3_state_core/d2_2_core_memory/d3_4_memory_store.py,M,408,QdrantMemorySystem.get_stats,4,A
serin/d1_3_state_core/d2_2_core_memory/d3_4_memory_store.py,M,123,QdrantMemorySystem._init_sqlite_robust,2,A
serin/d1_3_state_core/d2_2_core_memory/d3_4_memory_store.py,M,133,QdrantMemorySystem._connect_and_init_schema,2,A
serin/d1_3_state_core/d2_2_core_memory/d3_4_memory_store.py,M,440,QdrantMemorySystem.__del__,2,A
serin/d1_3_state_core/d2_2_core_memory/d3_2_evidence_store.py,M,108,FactStore.get_relevant_facts,9,B
serin/d1_3_state_core/d2_2_core_memory/d3_2_evidence_store.py,M,50,FactStore.add_fact,6,B
serin/d1_3_state_core/d2_2_core_memory/d3_2_evidence_store.py,C,31,FactStore,4,A
serin/d1_3_state_core/d2_2_core_memory/d3_2_evidence_store.py,M,88,FactStore.get_active_facts,3,A
serin/d1_3_state_core/d2_2_core_memory/d3_2_evidence_store.py,F,27,_build_search_query,1,A
serin/d1_3_state_core/d2_2_core_memory/d3_2_evidence_store.py,M,45,FactStore.__init__,1,A
serin/d1_3_state_core/d2_2_core_memory/d3_2_evidence_store.py,M,138,FactStore.supersede_fact,1,A
serin/d1_3_state_core/d2_2_core_memory/d3_2_evidence_store.py,M,148,FactStore.deactivate_facts_by_message,1,A
serin/d1_3_state_core/d2_2_core_memory/d3_5_memory_helpers/d6_1_bm25_index.py,M,54,SQLiteBM25Index.search,5,A
serin/d1_3_state_core/d2_2_core_memory/d3_5_memory_helpers/d6_1_bm25_index.py,M,43,SQLiteBM25Index._sanitize_query,4,A
serin/d1_3_state_core/d2_2_core_memory/d3_5_memory_helpers/d6_1_bm25_index.py,C,8,SQLiteBM25Index,3,A
serin/d1_3_state_core/d2_2_core_memory/d3_5_memory_helpers/d6_1_bm25_index.py,M,97,SQLiteBM25Index.delete_documents,2,A
serin/d1_3_state_core/d2_2_core_memory/d3_5_memory_helpers/d6_1_bm25_index.py,M,106,SQLiteBM25Index.__del__,2,A
serin/d1_3_state_core/d2_2_core_memory/d3_5_memory_helpers/d6_1_bm25_index.py,M,11,SQLiteBM25Index.__init__,1,A
serin/d1_3_state_core/d2_2_core_memory/d3_5_memory_helpers/d6_1_bm25_index.py,M,17,SQLiteBM25Index._setup_schema,1,A
serin/d1_3_state_core/d2_2_core_memory/d3_5_memory_helpers/d6_1_bm25_index.py,M,32,SQLiteBM25Index.add_document,1,A
serin/d1_3_state_core/d2_1_db_protect/d3_3_protect_recovery.py,M,46,DatabaseProtectorRecovery._recover_sqlite_database,14,C
serin/d1_3_state_core/d2_1_db_protect/d3_3_protect_recovery.py,C,24,DatabaseProtectorRecovery,8,B
serin/d1_3_state_core/d2_1_db_protect/d3_3_protect_recovery.py,M,25,DatabaseProtectorRecovery.recover_from_corruption,8,B
serin/d1_3_state_core/d2_1_db_protect/d3_3_protect_recovery.py,M,141,DatabaseProtectorRecovery._restore_compressed_backup,6,B
serin/d1_3_state_core/d2_1_db_protect/d3_3_protect_recovery.py,M,154,DatabaseProtectorRecovery._restore_directory_backup,6,B
serin/d1_3_state_core/d2_1_db_protect/d3_3_protect_recovery.py,M,117,DatabaseProtectorRecovery._recover_full_database,5,A
serin/d1_3_state_core/d2_1_db_protect/d3_3_protect_recovery.py,M,101,DatabaseProtectorRecovery._recover_chroma_database,4,A
serin/d1_3_state_core/d2_1_db_protect/d3_3_protect_recovery.py,F,16,_select_table,1,A
serin/d1_3_state_core/d2_1_db_protect/d3_3_protect_recovery.py,F,20,_insert_table,1,A
serin/d1_3_state_core/d2_1_db_protect/d3_1_protect_backup.py,M,46,DatabaseProtectorBackup.create_backup,10,B
serin/d1_3_state_core/d2_1_db_protect/d3_1_protect_backup.py,M,19,DatabaseProtectorBackup.list_backups,9,B
serin/d1_3_state_core/d2_1_db_protect/d3_1_protect_backup.py,M,116,DatabaseProtectorBackup._cleanup_old_backups,9,B
serin/d1_3_state_core/d2_1_db_protect/d3_1_protect_backup.py,M,137,DatabaseProtectorBackup._extract_and_validate_backup_metadata,9,B
serin/d1_3_state_core/d2_1_db_protect/d3_1_protect_backup.py,C,18,DatabaseProtectorBackup,8,B
serin/d1_3_state_core/d2_1_db_protect/d3_1_protect_backup.py,M,183,DatabaseProtectorBackup._decode_backup_metadata_content,7,B
serin/d1_3_state_core/d2_1_db_protect/d3_1_protect_backup.py,M,210,DatabaseProtectorBackup._parse_and_validate_metadata,6,B
serin/d1_3_state_core/d2_1_db_protect/d3_1_protect_backup.py,M,171,DatabaseProtectorBackup._locate_metadata_file_in_archive,5,A
serin/d1_3_state_core/d2_1_db_protect/d3_1_protect_backup.py,M,102,DatabaseProtectorBackup._compress_backup,2,A
serin/d1_3_state_core/d2_1_db_protect/d3_4_protect_shutdown.py,C,14,DatabaseProtectorShutdown,3,A
serin/d1_3_state_core/d2_1_db_protect/d3_4_protect_shutdown.py,M,36,DatabaseProtectorShutdown.graceful_shutdown,3,A
serin/d1_3_state_core/d2_1_db_protect/d3_4_protect_shutdown.py,M,15,DatabaseProtectorShutdown.setup_graceful_shutdown,1,A
serin/d1_3_state_core/d2_1_db_protect/d3_4_protect_shutdown.py,M,46,DatabaseProtectorShutdown.get_health_status,1,A
serin/d1_3_state_core/d2_1_db_protect/d3_2_protect_core.py,M,96,DatabaseProtectorCore._validate_sqlite_database,12,C
serin/d1_3_state_core/d2_1_db_protect/d3_2_protect_core.py,M,166,DatabaseProtectorCore._validate_chroma_database,12,C
serin/d1_3_state_core/d2_1_db_protect/d3_2_protect_core.py,C,20,DatabaseProtectorCore,10,B
serin/d1_3_state_core/d2_1_db_protect/d3_2_protect_core.py,M,42,DatabaseProtectorCore.validate_all_databases,10,B
serin/d1_3_state_core/d2_1_db_protect/d3_2_protect_core.py,M,21,DatabaseProtectorCore.__init__,3,A
serin/d1_3_state_core/d2_1_db_protect/d3_2_protect_core.py,F,225,get_database_protector,2,A
serin/d1_3_state_core/d2_1_db_protect/d3_2_protect_core.py,C,12,DatabaseValidationError,1,A
serin/d1_3_state_core/d2_1_db_protect/d3_2_protect_core.py,C,16,DatabaseRecoveryError,1,A
serin/d1_3_state_core/d2_3_model_system/d3_1_system_adapter.py,C,15,ModelDetector,14,C
serin/d1_3_state_core/d2_3_model_system/d3_1_system_adapter.py,M,19,ModelDetector.detect_type,13,C
serin/d1_3_state_core/d2_3_model_system/d3_1_system_adapter.py,M,168,ModelAdapter.clean_response,4,A
serin/d1_3_state_core/d2_3_model_system/d3_1_system_adapter.py,C,133,ModelAdapter,2,A
serin/d1_3_state_core/d2_3_model_system/d3_1_system_adapter.py,M,139,ModelAdapter.__init__,1,A
serin/d1_3_state_core/d2_3_model_system/d3_1_system_adapter.py,M,152,ModelAdapter.format_messages,1,A
serin/d1_3_state_core/d2_3_model_system/d3_1_system_adapter.py,M,204,ModelAdapter.get_stop_tokens,1,A
serin/d1_3_state_core/d2_3_model_system/d3_1_system_adapter.py,M,213,ModelAdapter.get_thinking_patterns,1,A
serin/d1_3_state_core/d2_3_model_system/d3_1_system_adapter.py,M,222,ModelAdapter.supports_system_role,1,A
serin/d1_3_state_core/d2_3_model_system/d3_1_system_adapter.py,M,233,ModelAdapter.get_model_type,1,A
serin/d1_3_state_core/d2_3_model_system/d3_3_system_factory.py,F,27,load_model_if_needed,4,A
serin/d1_3_state_core/d2_3_model_system/d3_3_system_factory.py,F,11,get_model_connector,3,A
serin/d1_3_state_core/d2_3_model_system/d3_3_system_factory.py,F,43,unload_model,2,A
serin/d1_3_state_core/d2_3_model_system/d3_3_system_factory.py,F,53,unload_all_models,2,A
serin/d1_3_state_core/d2_3_model_system/d3_3_system_factory.py,F,20,get_available_providers,1,A
serin/d1_3_state_core/d2_3_model_system/d3_3_system_factory.py,F,24,get_loaded_models,1,A
serin/d1_3_state_core/d2_3_model_system/d3_4_system_interface.py,C,9,ModelInterface,2,A
serin/d1_3_state_core/d2_3_model_system/d3_4_system_interface.py,M,16,ModelInterface.load_model,1,A
serin/d1_3_state_core/d2_3_model_system/d3_4_system_interface.py,M,35,ModelInterface.is_connected,1,A
serin/d1_3_state_core/d2_3_model_system/d3_4_system_interface.py,M,40,ModelInterface.chat_completion,1,A
serin/d1_3_state_core/d2_3_model_system/d3_4_system_interface.py,M,67,ModelInterface.send_input,1,A
serin/d1_3_state_core/d2_3_model_system/d3_4_system_interface.py,M,91,ModelInterface.get_model_info,1,A
serin/d1_3_state_core/d2_3_model_system/d3_4_system_interface.py,M,105,ModelInterface.blocking_chat_completion,1,A
serin/d1_3_state_core/d2_3_model_system/d3_4_system_interface.py,M,119,ModelInterface.blocking_send_input,1,A
serin/d1_3_state_core/d2_3_model_system/d3_2_system_connector.py,M,123,LLMConnector.blocking_chat_completion,10,B
serin/d1_3_state_core/d2_3_model_system/d3_2_system_connector.py,M,88,LLMConnector.load_model,9,B
serin/d1_3_state_core/d2_3_model_system/d3_2_system_connector.py,M,180,LLMConnector.blocking_send_input,8,B
serin/d1_3_state_core/d2_3_model_system/d3_2_system_connector.py,M,41,LLMConnector._try_connect,6,B
serin/d1_3_state_core/d2_3_model_system/d3_2_system_connector.py,C,22,LLMConnector,5,A
serin/d1_3_state_core/d2_3_model_system/d3_2_system_connector.py,M,73,LLMConnector._retry_loop,4,A
serin/d1_3_state_core/d2_3_model_system/d3_2_system_connector.py,M,27,LLMConnector.__init__,3,A
serin/d1_3_state_core/d2_3_model_system/d3_2_system_connector.py,M,120,LLMConnector.is_connected,3,A
serin/d1_3_state_core/d2_3_model_system/d3_2_system_connector.py,M,231,LLMConnector.get_model_info,2,A
serin/d1_3_state_core/d2_3_model_system/d3_2_system_connector.py,M,166,LLMConnector.chat_completion,1,A
serin/d1_3_state_core/d2_3_model_system/d3_2_system_connector.py,M,217,LLMConnector.send_input,1,A
serin/d1_3_state_core/d2_3_model_system/d3_5_model_helpers/d6_1_thinking_filter.py,M,56,ThinkingFilter.filter,5,A
serin/d1_3_state_core/d2_3_model_system/d3_5_model_helpers/d6_1_thinking_filter.py,C,15,ThinkingFilter,4,A
serin/d1_3_state_core/d2_3_model_system/d3_5_model_helpers/d6_1_thinking_filter.py,M,90,ThinkingFilter.has_thinking_tags,4,A
serin/d1_3_state_core/d2_3_model_system/d3_5_model_helpers/d6_1_thinking_filter.py,M,110,ThinkingFilter.extract_thinking,3,A
serin/d1_3_state_core/d2_3_model_system/d3_5_model_helpers/d6_1_thinking_filter.py,F,141,get_thinking_filter,2,A
serin/d1_3_state_core/d2_3_model_system/d3_5_model_helpers/d6_1_thinking_filter.py,M,48,ThinkingFilter.__init__,2,A
serin/d1_3_state_core/d2_3_model_system/d3_5_model_helpers/d6_1_thinking_filter.py,F,149,filter_thinking,1,A
serin/d1_3_state_core/d2_3_model_system/d3_5_model_helpers/d6_1_thinking_filter.py,F,164,filter_for_memory,1,A
serin/d1_3_state_core/d2_5_state_conversation/d3_2_message_context.py,C,17,MessageContext,1,A
serin/d1_3_state_core/d2_5_state_conversation/d3_1_dynamics_engine.py,M,63,ConversationDynamicsEngine.observe_message,25,D
serin/d1_3_state_core/d2_5_state_conversation/d3_1_dynamics_engine.py,M,142,ConversationDynamicsEngine.allocate_attention,18,C
serin/d1_3_state_core/d2_5_state_conversation/d3_1_dynamics_engine.py,C,40,ConversationDynamicsEngine,9,B
serin/d1_3_state_core/d2_5_state_conversation/d3_1_dynamics_engine.py,M,202,ConversationDynamicsEngine.decide_action,7,B
serin/d1_3_state_core/d2_5_state_conversation/d3_1_dynamics_engine.py,M,266,ConversationDynamicsEngine.sample_reaction_delay,4,A
serin/d1_3_state_core/d2_5_state_conversation/d3_1_dynamics_engine.py,M,291,ConversationDynamicsEngine.get_state_for_panel,4,A
serin/d1_3_state_core/d2_5_state_conversation/d3_1_dynamics_engine.py,M,243,ConversationDynamicsEngine._compute_hawkes_intensity,3,A
serin/d1_3_state_core/d2_5_state_conversation/d3_1_dynamics_engine.py,M,258,ConversationDynamicsEngine.sample_delay,2,A
serin/d1_3_state_core/d2_5_state_conversation/d3_1_dynamics_engine.py,M,43,ConversationDynamicsEngine.__init__,1,A
serin/d1_5_ops_tooling/d2_4_passive_monitor.py,M,53,PassiveMonitor.process_message,9,B
serin/d1_5_ops_tooling/d2_4_passive_monitor.py,C,22,PassiveMonitor,5,A
serin/d1_5_ops_tooling/d2_4_passive_monitor.py,M,23,PassiveMonitor.__init__,1,A
serin/d1_5_ops_tooling/d2_4_passive_monitor.py,M,112,PassiveMonitor.get_stats,1,A
serin/d1_5_ops_tooling/d2_5_voice_manager.py,M,136,TTSVoiceManager.validate_voice_file,11,C
serin/d1_5_ops_tooling/d2_5_voice_manager.py,M,200,TTSVoiceManager.load_voice,7,B
serin/d1_5_ops_tooling/d2_5_voice_manager.py,C,20,TTSVoiceManager,5,A
serin/d1_5_ops_tooling/d2_5_voice_manager.py,M,87,TTSVoiceManager.list_voices,5,A
serin/d1_5_ops_tooling/d2_5_voice_manager.py,M,118,TTSVoiceManager.get_voice_path,3,A
serin/d1_5_ops_tooling/d2_5_voice_manager.py,M,257,TTSVoiceManager.get_voice_info,3,A
serin/d1_5_ops_tooling/d2_5_voice_manager.py,M,276,TTSVoiceManager.get_stats,3,A
serin/d1_5_ops_tooling/d2_5_voice_manager.py,M,26,TTSVoiceManager.__init__,2,A
serin/d1_5_ops_tooling/d2_5_voice_manager.py,M,47,TTSVoiceManager._create_readme,2,A
serin/d1_5_ops_tooling/d2_5_voice_manager.py,M,239,TTSVoiceManager.clear_voice,2,A
serin/d1_5_ops_tooling/d2_3_hot_reloader.py,F,167,watch_loop,20,C
serin/d1_5_ops_tooling/d2_3_hot_reloader.py,F,39,get_mtimes,11,C
serin/d1_5_ops_tooling/d2_3_hot_reloader.py,F,128,handle_voice_receiver_build,9,B
serin/d1_5_ops_tooling/d2_3_hot_reloader.py,F,67,kill_bot,4,A
serin/d1_5_ops_tooling/d2_3_hot_reloader.py,F,111,handle_maturin_change,4,A
serin/d1_5_ops_tooling/d2_3_hot_reloader.py,F,31,get_py_files,3,A
serin/d1_5_ops_tooling/d2_3_hot_reloader.py,F,95,_run_cmd,3,A
serin/d1_5_ops_tooling/d2_3_hot_reloader.py,F,152,handle_restart,2,A
serin/d1_5_ops_tooling/d2_3_hot_reloader.py,F,159,handle_signal_file,2,A
serin/d1_5_ops_tooling/d2_3_hot_reloader.py,F,27,log,1,A
serin/d1_5_ops_tooling/d2_3_hot_reloader.py,F,82,start_bot,1,A
serin/d1_5_ops_tooling/d2_3_hot_reloader.py,F,225,_signal_handler,1,A
serin/d1_5_ops_tooling/d2_3_hot_reloader.py,F,231,main,1,A
serin/d1_5_ops_tooling/d2_1_control_panel/d3_3_panel_lifecycle.py,F,42,start_server,11,C
serin/d1_5_ops_tooling/d2_1_control_panel/d3_3_panel_lifecycle.py,C,96,WebSocketLogHandler,4,A
serin/d1_5_ops_tooling/d2_1_control_panel/d3_3_panel_lifecycle.py,M,99,WebSocketLogHandler.emit,3,A
serin/d1_5_ops_tooling/d2_1_control_panel/d3_3_panel_lifecycle.py,F,20,init_bot_state,1,A
serin/d1_5_ops_tooling/d2_1_control_panel/d3_3_panel_lifecycle.py,F,115,register_lifecycle_routes,1,A
serin/d1_5_ops_tooling/d2_1_control_panel/d3_4_panel_routes.py,F,49,register_enhanced_routes,1,A
serin/d1_5_ops_tooling/d2_1_control_panel/d3_4_panel_routes.py,C,18,SearchRequest,1,A
serin/d1_5_ops_tooling/d2_1_control_panel/d3_4_panel_routes.py,C,25,MemoryRequest,1,A
serin/d1_5_ops_tooling/d2_1_control_panel/d3_4_panel_routes.py,C,35,CleanupRequest,1,A
serin/d1_5_ops_tooling/d2_1_control_panel/d3_4_panel_routes.py,C,39,ConnectionTestRequest,1,A
serin/d1_5_ops_tooling/d2_1_control_panel/d3_4_panel_routes.py,C,43,ConfigUpdateRequest,1,A
serin/d1_5_ops_tooling/d2_1_control_panel/d3_1_panel_panels/d4_1_panel_control.py,C,9,_RouteApp,2,A
serin/d1_5_ops_tooling/d2_1_control_panel/d3_1_panel_panels/d4_1_panel_control.py,F,15,register_control_routes,1,A
serin/d1_5_ops_tooling/d2_1_control_panel/d3_1_panel_panels/d4_1_panel_control.py,M,10,_RouteApp.get,1,A
serin/d1_5_ops_tooling/d2_1_control_panel/d3_1_panel_panels/d4_1_panel_control.py,M,11,_RouteApp.post,1,A
serin/d1_5_ops_tooling/d2_1_control_panel/d3_1_panel_panels/d4_1_panel_control.py,M,12,_RouteApp.delete,1,A
serin/d1_5_ops_tooling/d2_1_control_panel/d3_1_panel_panels/d4_2_voice_routes/d5_3_voice_memory.py,F,14,register_voice_memory_routes,1,A
serin/d1_5_ops_tooling/d2_1_control_panel/d3_1_panel_panels/d4_2_voice_routes/d5_2_voice_tts.py,F,14,register_voice_tts_routes,1,A
serin/d1_5_ops_tooling/d2_1_control_panel/d3_1_panel_panels/d4_2_voice_routes/d5_4_voice_brain.py,F,21,register_voice_brain_routes,1,A
serin/d1_5_ops_tooling/d2_1_control_panel/d3_1_panel_panels/d4_2_voice_routes/d5_1_voice_channels.py,F,18,register_voice_channel_routes,1,A
serin/d1_5_ops_tooling/d2_1_control_panel/d3_1_panel_panels/d4_2_voice_routes/d5_5_voice_helpers/d6_1_voice_ops.py,F,98,_run_manual_sync,6,B
serin/d1_5_ops_tooling/d2_1_control_panel/d3_1_panel_panels/d4_2_voice_routes/d5_5_voice_helpers/d6_1_voice_ops.py,F,20,register_voice_ops_routes,1,A
serin/d1_5_ops_tooling/d2_1_control_panel/d3_2_panel_server/d4_6_routes/d5_1_core_routes/d6_1_memory_routes.py,F,37,register_memory_routes,1,A
serin/d1_5_ops_tooling/d2_1_control_panel/d3_2_panel_server/d4_6_routes/d5_1_core_routes/d6_1_memory_routes.py,C,22,FactSearchRequest,1,A
serin/d1_5_ops_tooling/d2_1_control_panel/d3_2_panel_server/d4_6_routes/d5_1_core_routes/d6_1_memory_routes.py,C,30,BeliefSearchRequest,1,A
serin/d1_5_ops_tooling/d2_1_control_panel/d3_2_panel_server/d4_6_routes/d5_1_core_routes/d6_2_personality_routes.py,F,14,register_personality_routes,1,A
serin/d1_5_ops_tooling/d2_1_control_panel/d3_2_panel_server/d4_6_routes/d5_1_core_routes/d6_3_ops_routes.py,F,122,_run_manual_sync,6,B
serin/d1_5_ops_tooling/d2_1_control_panel/d3_2_panel_server/d4_6_routes/d5_1_core_routes/d6_3_ops_routes.py,F,18,register_ops_routes,1,A
serin/d1_5_ops_tooling/d2_1_control_panel/d3_2_panel_server/d4_6_routes/d5_3_debug_routes/d6_2_debug_routes.py,F,25,store_prompt_debug,2,A
serin/d1_5_ops_tooling/d2_1_control_panel/d3_2_panel_server/d4_6_routes/d5_3_debug_routes/d6_2_debug_routes.py,F,49,update_last_prompt_debug,2,A
serin/d1_5_ops_tooling/d2_1_control_panel/d3_2_panel_server/d4_6_routes/d5_3_debug_routes/d6_2_debug_routes.py,F,56,_conn,2,A
serin/d1_5_ops_tooling/d2_1_control_panel/d3_2_panel_server/d4_6_routes/d5_3_debug_routes/d6_2_debug_routes.py,F,61,_rows,2,A
serin/d1_5_ops_tooling/d2_1_control_panel/d3_2_panel_server/d4_6_routes/d5_3_debug_routes/d6_2_debug_routes.py,F,65,register_debug_routes,1,A
serin/d1_5_ops_tooling/d2_1_control_panel/d3_2_panel_server/d4_6_routes/d5_3_debug_routes/d6_1_test_routes.py,F,90,_parse_test_output,17,C
serin/d1_5_ops_tooling/d2_1_control_panel/d3_2_panel_server/d4_6_routes/d5_3_debug_routes/d6_1_test_routes.py,F,16,register_test_routes,1,A
serin/d1_5_ops_tooling/d2_1_control_panel/d3_2_panel_server/d4_6_routes/d5_2_voice_routes/d6_1_missing_routes.py,F,90,_register_tts_routes,9,B
serin/d1_5_ops_tooling/d2_1_control_panel/d3_2_panel_server/d4_6_routes/d5_2_voice_routes/d6_1_missing_routes.py,F,199,_register_maintenance_routes,7,B
serin/d1_5_ops_tooling/d2_1_control_panel/d3_2_panel_server/d4_6_routes/d5_2_voice_routes/d6_1_missing_routes.py,F,18,_register_mood_routes,4,A
serin/d1_5_ops_tooling/d2_1_control_panel/d3_2_panel_server/d4_6_routes/d5_2_voice_routes/d6_1_missing_routes.py,F,279,register_missing_routes,3,A
serin/d1_5_ops_tooling/d2_1_control_panel/d3_2_panel_server/d4_6_routes/d5_2_voice_routes/d6_2_missing_routes_voice.py,F,31,_register_voice_routes,20,C
serin/d1_5_ops_tooling/d2_1_control_panel/d3_2_panel_server/d4_7_state/d5_1_state_access.py,F,16,make_json_safe,12,C
serin/d1_5_ops_tooling/d2_1_control_panel/d3_2_panel_server/d4_7_state/d5_1_state_access.py,F,150,security_middleware,10,B
serin/d1_5_ops_tooling/d2_1_control_panel/d3_2_panel_server/d4_7_state/d5_1_state_access.py,F,196,get_gpu_vram_usage,9,B
serin/d1_5_ops_tooling/d2_1_control_panel/d3_2_panel_server/d4_7_state/d5_1_state_access.py,F,220,get_request_metrics,4,A
serin/d1_5_ops_tooling/d2_1_control_panel/d3_2_panel_server/d4_7_state/d5_1_state_access.py,F,192,get_component,1,A
serin/d1_5_ops_tooling/d2_1_control_panel/d3_2_panel_server/d4_7_state/d5_1_state_access.py,C,47,ModelConfig,1,A
serin/d1_5_ops_tooling/d2_1_control_panel/d3_2_panel_server/d4_7_state/d5_1_state_access.py,C,54,ChannelControl,1,A
serin/d1_5_ops_tooling/d2_1_control_panel/d3_2_panel_server/d4_7_state/d5_1_state_access.py,C,59,VoiceChannelControl,1,A
serin/d1_5_ops_tooling/d2_1_control_panel/d3_2_panel_server/d4_7_state/d5_1_state_access.py,C,65,VoiceLoad,1,A
serin/d1_5_ops_tooling/d2_1_control_panel/d3_2_panel_server/d4_7_state/d5_1_state_access.py,C,69,SettingsUpdate,1,A
serin/d1_5_ops_tooling/d2_1_control_panel/d3_2_panel_server/d4_7_state/d5_1_state_access.py,C,74,MemoryQuery,1,A
serin/d1_5_ops_tooling/d2_1_control_panel/d3_2_panel_server/d4_7_state/d5_1_state_access.py,C,88,MemorySearchAdvanced,1,A
serin/d1_5_ops_tooling/d2_1_control_panel/d3_2_panel_server/d4_7_state/d5_1_state_access.py,C,106,FactQuery,1,A
serin/d1_5_ops_tooling/d2_1_control_panel/d3_2_panel_server/d4_7_state/d5_1_state_access.py,C,117,BeliefQuery,1,A
serin/d1_5_ops_tooling/d2_1_control_panel/d3_2_panel_server/d4_7_state/d5_1_state_access.py,C,127,MoodUpdate,1,A
serin/d1_5_ops_tooling/d2_1_control_panel/d3_2_panel_server/d4_7_state/d5_2_server_state.py,F,54,get_system_health,24,D
serin/d1_5_ops_tooling/d2_1_control_panel/d3_2_panel_server/d4_7_state/d5_2_server_state.py,F,131,_get_current_stats,7,B
serin/d1_5_ops_tooling/d2_1_control_panel/d3_2_panel_server/d4_7_state/d5_2_server_state.py,F,22,get_status,5,A
serin/d1_5_ops_tooling/d2_1_control_panel/d3_2_panel_server/d4_7_state/d5_2_server_state.py,F,108,get_pipeline_status,2,A
serin/d1_5_ops_tooling/d2_1_control_panel/d3_2_panel_server/d4_7_state/d5_2_server_state.py,F,17,homepage,1,A
serin/d1_5_ops_tooling/d2_1_control_panel/d3_2_panel_server/d4_7_state/d5_2_server_state.py,F,49,get_stats,1,A
serin/d1_5_ops_tooling/d2_1_control_panel/d3_2_panel_server/d4_7_state/d5_2_server_state.py,F,103,get_performance_metrics,1,A
serin/d1_5_ops_tooling/d2_1_control_panel/d3_2_panel_server/d4_7_state/d5_3_server_status.py,F,67,get_system_health,17,C
serin/d1_5_ops_tooling/d2_1_control_panel/d3_2_panel_server/d4_7_state/d5_3_server_status.py,F,116,get_current_stats,13,C
serin/d1_5_ops_tooling/d2_1_control_panel/d3_2_panel_server/d4_7_state/d5_3_server_status.py,F,25,get_status,5,A
serin/d1_5_ops_tooling/d2_1_control_panel/d3_2_panel_server/d4_7_state/d5_3_server_status.py,F,19,homepage,1,A
serin/d1_5_ops_tooling/d2_1_control_panel/d3_2_panel_server/d4_7_state/d5_3_server_status.py,F,61,get_stats,1,A
serin/d1_5_ops_tooling/d2_1_control_panel/d3_2_panel_server/d4_8_server/d5_2_server_websocket.py,F,20,websocket_endpoint,9,B
serin/d1_5_ops_tooling/d2_1_control_panel/d3_2_panel_server/d4_8_server/d5_2_server_websocket.py,F,57,_send_heartbeat,6,B
serin/d1_5_ops_tooling/d2_1_control_panel/d3_2_panel_server/d4_8_server/d5_2_server_websocket.py,F,78,broadcast_log,6,B
serin/d1_5_ops_tooling/d2_1_control_panel/d3_2_panel_server/d4_8_server/d5_2_server_websocket.py,F,100,broadcast_event,6,B
serin/d1_5_ops_tooling/d2_1_control_panel/d3_2_panel_server/d4_8_server/d5_1_server_controls.py,F,84,update_allowed_channels,5,A
serin/d1_5_ops_tooling/d2_1_control_panel/d3_2_panel_server/d4_8_server/d5_1_server_controls.py,F,106,update_full_config,5,A
serin/d1_5_ops_tooling/d2_1_control_panel/d3_2_panel_server/d4_8_server/d5_1_server_controls.py,F,22,get_model_info,3,A
serin/d1_5_ops_tooling/d2_1_control_panel/d3_2_panel_server/d4_8_server/d5_1_server_controls.py,F,37,load_model,3,A
serin/d1_5_ops_tooling/d2_1_control_panel/d3_2_panel_server/d4_8_server/d5_1_server_controls.py,F,52,start_background_processor,3,A
serin/d1_5_ops_tooling/d2_1_control_panel/d3_2_panel_server/d4_8_server/d5_1_server_controls.py,F,64,stop_background_processor,3,A
serin/d1_5_ops_tooling/d2_1_control_panel/d3_2_panel_server/d4_8_server/d5_1_server_controls.py,F,76,get_allowed_channels,3,A
serin/d1_5_ops_tooling/d2_1_control_panel/d3_2_panel_server/d4_8_server/d5_1_server_controls.py,F,98,get_full_config,2,A
serin/d1_5_ops_tooling/d2_2_tooling_background/d5_2_tooling_background_summary.py,M,30,BackgroundProcessorSummarizationMixin._create_conversation_summary,15,C
serin/d1_5_ops_tooling/d2_2_tooling_background/d5_2_tooling_background_summary.py,C,26,BackgroundProcessorSummarizationMixin,10,B
serin/d1_5_ops_tooling/d2_2_tooling_background/d5_2_tooling_background_summary.py,M,182,BackgroundProcessorSummarizationMixin._calculate_importance,8,B
serin/d1_5_ops_tooling/d2_2_tooling_background/d5_2_tooling_background_summary.py,M,135,BackgroundProcessorSummarizationMixin._store_summary,5,A
serin/d1_5_ops_tooling/d2_2_tooling_background/d5_1_tooling_background.py,M,149,BackgroundProcessor._processing_loop,11,C
serin/d1_5_ops_tooling/d2_2_tooling_background/d5_1_tooling_background.py,M,238,BackgroundProcessor._group_by_conversation,6,B
serin/d1_5_ops_tooling/d2_2_tooling_background/d5_1_tooling_background.py,M,282,BackgroundProcessor.run_maintenance,6,B
serin/d1_5_ops_tooling/d2_2_tooling_background/d5_1_tooling_background.py,C,36,BackgroundProcessor,5,A
serin/d1_5_ops_tooling/d2_2_tooling_background/d5_1_tooling_background.py,M,72,BackgroundProcessor.start,3,A
serin/d1_5_ops_tooling/d2_2_tooling_background/d5_1_tooling_background.py,M,98,BackgroundProcessor.stop,3,A
serin/d1_5_ops_tooling/d2_2_tooling_background/d5_1_tooling_background.py,M,220,BackgroundProcessor._process_batch,3,A
serin/d1_5_ops_tooling/d2_2_tooling_background/d5_1_tooling_background.py,M,109,BackgroundProcessor.queue_message,2,A
serin/d1_5_ops_tooling/d2_2_tooling_background/d5_1_tooling_background.py,M,37,BackgroundProcessor.__init__,1,A
serin/d1_5_ops_tooling/d2_2_tooling_background/d5_1_tooling_background.py,M,300,BackgroundProcessor.get_stats,1,A
